zincid,smiles,dockscore
ZINC000528025349,C[C@@H](NCC1COC1)[C@@H](c1ccccc1)N1CCOCC1,-11.62
ZINC000516481911,O=C(O)[C@H](c1ccccc1)N1CCO[C@@H](c2ccsc2)C1,-64.72
ZINC000419650915,CC(C)Sc1ccc([C@@H](C)NC(=O)C(=O)N2CCC[C@H]2CN)cc1,-20.5
ZINC000373931723,CCC(=O)N1CC[C@H](N=c2cc[nH]cc2-c2cccnc2)C1,-22.65
ZINC000437272900,Cc1nc(CSCCOc2ccc(S(C)(=O)=O)cc2)no1,-36.85
ZINC000159047575,CS[C@@H](C)CNC(=O)[C@@H](c1ccccc1)C1CC1,-27.96
ZINC000520578369,CC(C)N1CCC[C@H](CNC(=O)NC[C@@H](C)c2ccc(F)cc2)C1,-26.41
ZINC000345694854,CC(C)(C)[C@@H]1CCN(C(=O)c2c(Cl)cccc2S(C)(=O)=O)C1,-20.67
ZINC000286478110,Cc1nn(C)cc1S(=O)(=O)N(C)CCN1CCOCC1,-37.49
ZINC000458029092,Cc1cc(C)cc(OCCC(=O)N2CC3(CCC3)[C@@H]3COC[C@H]32)c1,-46.85
ZINC000262605424,CCc1c(C(=O)NC[C@@H](C(=O)O)c2ccccc2)cnn1CC(C)C,-49.31
ZINC000347800815,Cc1nn(C)c(C)c1C[C@H](C)C(=O)N1CCOc2ccc(F)cc2C1,-31.69
ZINC000454298835,CCCc1nnc(NC(=O)N2CC(C)(CC(F)(F)F)C2)s1,-58.65
ZINC000129906737,Cc1ccn(CC(=O)N[C@@H](C)C(C)C)c(=O)c1[N+](=O)[O-],-36.17
ZINC000155189772,CCNC(=O)N1CC[C@@H](NC(=O)CNC(=O)c2cccs2)C1,-36.45
ZINC000135359429,COc1cc(CN(C)C(=O)CCc2cccc(F)c2F)ccc1O,-43.01
ZINC000579548332,CC(C)S(=O)(=O)c1ccccc1NC(=O)c1cc2n(n1)CCCO2,-35.92
ZINC000377202010,CC1(C)CN(C(=O)[C@@H]2CCCC23OCCO3)C[C@]2(CCCOC2)O1,-27.63
ZINC000556657611,COC[C@@H]1CCN1C(=O)C(=O)Nc1ccc(F)cc1C(=O)OC,-34.6
ZINC000349616733,COc1cccc([C@H](C)CCCC(=O)NC[C@@H]2CC[C@@H](CO)O2)c1,-27.43
ZINC000090394199,COCc1nc2n(n1)C[C@H](N[C@H]1CCCC[C@@H]1C1=CCCCC1)CC2,-19.64
ZINC000250569298,C[C@H](Oc1cccc(F)c1)C(=O)Nc1cc([C@H]2C[C@@H]2C)n[nH]1,-34.56
ZINC000330785489,CCOC(=O)C1(O)CCN(C(=O)[C@@H]2CCO[C@@H](CC)C2)CC1,-30.12
ZINC000424171860,C[C@@H]1CCN(C(=O)CC[C@@H](N)CC2CCCCC2)[C@@H](C(N)=O)C1,-26.29
ZINC000096198979,COCCN1CCN(Cc2ccncc2)c2ncccc2C1,-30.03
ZINC000302473516,COc1ncc(Cl)c(N[C@H](C)CN2CCCCCC2)n1,-21.95
ZINC000454925472,C[S@@](=O)C1(CNC(=O)NC[C@H]2CCCC2(F)F)CC1,-36.48
ZINC000365612130,CC(C)(C)c1ncc(CN2CC3(CCC3)[C@@H]2[C@@H]2CCCO2)cn1,-34.82
ZINC000346509076,CC(=O)N=c1cc[nH]cc1NC(=O)c1ccc(NC(C)=O)cc1,-45.35
ZINC000106268435,Cc1cccc(CCNC(=O)N[C@@H](C)c2nccs2)c1,-30.35
ZINC000348753875,COC(=O)COc1ccccc1[C@@H](C)N[C@@H](C)c1ccnc(OC)c1,-36.15
ZINC000267187818,Cc1cscc1C(=O)N1CCC[C@H](CS(N)(=O)=O)C1,-33.81
ZINC000408429094,CC(C)c1nc2n(n1)CCC[C@@H]2NS(=O)(=O)CC(C)(C)C,-20.87
ZINC000271023683,Cn1ccnc1-c1cc(NC(=O)CCC2CC2)on1,-32.98
ZINC000418515687,C[C@@H](CCN)NC(=O)N(C)[C@@H](C)Cc1cccc(F)c1,-18.54
ZINC000285095883,C[C@@H]1CN(C(=O)N[C@@H]2CCc3ccccc3C2)C[C@H]1C(N)=O,-26.82
ZINC000491682723,C#C[C@@H](C)N(C)C(=O)c1cc(S(=O)(=O)NC(C)(C)C)ccc1C,-39.32
ZINC000105861976,CCn1cnnc1C1CCN(C(=O)CNC(=O)OC(C)(C)C)CC1,-47.17
ZINC000116857411,C=CC[C@H](C)NC(=O)c1nc(CC)n(-c2ccccc2Cl)n1,-26.31
ZINC000339810027,C[C@H](NC(=O)c1ccc(-n2cnc3ccccc32)cc1)c1cn[nH]c1,-32.24
ZINC000248700373,COC(=O)[C@@H]1CC[C@@H](C(=O)N[C@@H](C)Cc2cccs2)O1,-26.61
ZINC000372843528,CO[C@@H]1CN(C(=O)[C@@H]2CCCCN2C(=O)[C@H]2C[C@@H]2C)C[C@@H]1OC,-20.89
ZINC000262716000,N#CCCCOc1cccc(CN[C@@H](C(=O)O)c2ccccc2)c1,-46.29
ZINC000331521407,CCc1ccc([C@H]2CCCN2C(=O)C(=O)c2cnn(C(C)(C)C)c2)o1,-30.93
ZINC000092546992,Cc1[nH]ccc1C(=O)Nc1cc([N+](=O)[O-])ccc1O,-50.45
ZINC000414742175,CC(C)COCCCNC(=O)C1(C(F)(F)F)CCCC1,-26.27
ZINC000084741547,C[C@H]1CCCC[C@@H]1N(C)C(=O)c1ccc(CNS(C)(=O)=O)o1,-42.2
ZINC000266208048,Cc1cc(F)cc2c1ncc(C#N)c2N1CC[C@H](CO)C1,-32.14
ZINC000369139022,CCOCCNC(=O)N[C@H]1CCCN(c2ccccc2C#N)C1,-31.63
ZINC000542654369,CN(C)C(=O)[C@@H]1CCC[C@@H](NC(=O)c2cnc3[nH]nnc3c2)C1,-43.52
ZINC000577114160,Cc1cc(CC(=O)N[C@@H]2CCC[C@H](N(C)C)C2)on1,-27.94
ZINC000193946116,CNC(=O)[C@H]1CCCN(Cc2ccc([N+](=O)[O-])cc2[N+](=O)[O-])C1,-27.9
ZINC000427759380,C=CCCCS(=O)(=O)N(C)c1cccc2cccnc21,-25.58
ZINC000562962011,O=C(CC[C@@H]1CCC(=O)N1)Nc1ccc2cnccc2c1,-33.42
ZINC000363998994,O=C(Nc1ccccc1Cl)N1CC(F)(F)C[C@@H]1CO,-27.96
ZINC000426081439,Cc1cccnc1C(=O)N[C@@H](C)c1ccc2c(c1)OCO2,-38.85
ZINC000438152648,Cc1ccnc(-c2cccc(NC(=O)NCCN(C)C(C)C)c2)n1,-25.51
ZINC000377888466,Cc1cccc2c1OCC[C@@H]2NS(=O)(=O)CCOc1ccccc1,-30.05
ZINC000158997007,CC(=O)N1CCOC[C@@H]1C(=O)NC[C@@H]1CCCN1Cc1ccccc1,-22.8
ZINC000373751697,CC(=O)N1CC(C(=O)N[C@H]2CC(C)(C)Oc3cc(F)ccc32)C1,-38.4
ZINC000349932769,C[C@@H](CCN)NC(=O)CCN1c2ccccc2O[C@H](C)C1=O,-21.29
ZINC000424317922,CO[C@H]1C[C@H]2C[C@@H](N[C@@H]3CCCN(C)C3=O)C[C@H]2C1,-13.35
ZINC000525453785,CCCOc1cc(C)ccc1NC(=O)CN(C)CCC,-24.63
ZINC000426240690,CCN(CC)CCOCCNC(=O)N1CC[C@@H](CO)[C@@H]1C,-22.7
ZINC000100602428,CCCCn1c2ccccc2c(O)c(C(=O)Nc2cccnc2)c1=O,-33.41
ZINC000151449777,CN(C)c1nccc(N2CCN(S(=O)(=O)CCCC#N)CC2)n1,-32.1
ZINC000262813282,Cc1nc(-c2cnn(C)c2)sc1C(=O)N[C@H]1CCNC[C@H]1C,-30.23
ZINC000301729139,Nn1c(Sc2ncccc2[N+](=O)[O-])nnc1-c1cccs1,-45.77
ZINC000257221888,CNc1cncc([C@H]2CCCN2C(=O)C2=Cc3ccccc3OC2)n1,-34.89
ZINC000454469811,CO[C@H]1COCC[C@@H]1CNC(=O)NCCCN1CCCCC1=O,-24.53
ZINC000450737724,CC(C)[C@H]1C[C@@H](CN=c2nc(O)c3cnn(C)c3[nH]2)CCO1,-40.13
ZINC000072436264,Cc1cc2nc(C(C)C)cc(NCC[C@@H]3CCCOC3)n2n1,-29.87
ZINC000562397755,C[C@H]([C@H](C)N1C(=O)CN(C2CCC2)C1=O)N1CCOCC1,-29.3
ZINC000533011623,C[C@H](O)[C@@H]1CCCN(C(=O)NCC[C@@H]2CCCC[C@@H]2C)C1,-25.69
ZINC000284125242,COc1ccc(CCN[C@H]2CCC[C@@H](S(C)(=O)=O)C2)cc1F,-14.12
ZINC000494647100,C[C@H](CCN1CCOCC1)NC(=O)CC[C@@H]1CCCN1,-19.0
ZINC000369150187,O=C(c1ccc2nccn2c1)N1CCC[C@@H](n2cccn2)C1,-33.79
ZINC000365932174,O=C(NC1CCCC1)N1CCc2ncnc(N3CCOCC3)c2C1,-36.9
ZINC000407985423,Cc1cnc([C@H](C)NC(=O)N[C@H]2CCC(=O)NC2(C)C)s1,-30.54
ZINC000268683898,COc1ccc(C=O)c(OCC(=O)NC[C@H](O)c2cnn(C)c2)c1,-31.34
ZINC000493509846,CCCCN(C)C(=O)C1CCN(C(=O)/C=C\OCC)CC1,-44.17
ZINC000119082931,COc1ccc2c(c1)CCC[C@H]2CNC(=O)c1cc(C(C)C)n(C)n1,-24.52
ZINC000156258553,C[C@@H](CC(=O)N(C)CCc1nccs1)NC(=O)C1CCCC1,-27.94
ZINC000342266961,CC[C@@H]1CN(C(=O)COCC(=O)NCc2cccnc2)C[C@H]1O,-41.39
ZINC000457689798,CC(C)c1cccc(CC(=O)NCc2noc(C3CC3)n2)c1,-37.01
ZINC000153755057,COC(=O)[C@@H](C)CN(CC(=O)Nc1ccccc1[N+](=O)[O-])C1CC1,-31.92
ZINC000362074192,C=Cc1ccc(CCNC(=O)NCc2cc(C(N)=O)co2)cc1,-35.79
ZINC000447962309,Cc1nccn1CCCCNC(=O)N1CCO[C@H](C(C)(C)C)C1,-38.0
ZINC000288345285,COC(=O)[C@@H](CF)NC(=O)C(=O)c1ccc(O)cc1,-58.03
ZINC000545584540,Cc1cccc([C@H](Cc2nc([C@@H]3Cc4ccccc43)no2)NC(N)=O)c1,-41.13
ZINC000445146296,CNC(=O)Cn1cnc(NC(=O)C(=O)N2CCC[C@H](C(C)C)C2)n1,-54.83
ZINC000129621248,CC[C@@H](C)Oc1ccc(C(=O)NC[C@@H](C)O)cc1,-23.4
ZINC000134960721,CCc1cc(C(=O)NCCCCN2CCN(C)CC2)oc1CC,-29.35
ZINC000284908884,CO[C@@H]1C[C@@H](CO)N(C(=O)N[C@@H]2CCCc3nn(C)cc32)C1,-20.65
ZINC000191535525,CCN1CCCN(C(=O)Nc2ccccc2SC(C)C)CC1=O,-33.39
ZINC000347731743,CC(C)Cn1ncc2cc(C(=O)NC[C@H]3CCCN3C)cnc21,-26.42
ZINC000414883644,C[C@@H](CCN)NCc1cccc(OC2CCCC2)c1,-17.31
ZINC000344638841,NC(=O)[C@H]1CCC[C@@H](C(=O)NCCOc2ccc3ccccc3c2)C1,-37.99
ZINC000580062759,O=C(O)[C@H]1CCN(C(=O)C(=O)N2CCc3ccccc3CC2)C1,-66.64
ZINC000178237293,COC(C)(C)C(=O)N1CC[C@@H](S(=O)(=O)N2CCCC2)C1,-31.21
ZINC000408283209,CC[C@@H]1CN(C(=O)C2(NC(=O)NC(C)C)CCCCC2)CCO1,-28.13
ZINC000110515519,CC(=O)NCC(=O)N1C[C@@H](c2ccccc2Cl)OC[C@H]1C,-33.39
ZINC000343633838,C[C@@H](Cn1cccn1)Nc1ccc(N2CCC2=O)cc1,-35.06
ZINC000331937269,CCN(CC)C[C@@H](C)NC(=O)N1CCCN(S(C)(=O)=O)CC1,-19.7
ZINC000340159326,CCC1CCC(NC(=O)C(=O)N[C@@H]2CCC(=O)NC2(C)C)CC1,-28.4
ZINC000416655906,Cc1cc(S(=O)(=O)N(C)C(C)(C)CN2CCOCC2)c(C)s1,-23.46
ZINC000359228736,O=C([C@H]1CCC(F)(F)C1)N1CCN(c2cnccn2)CC1,-32.52
ZINC000021670126,CCc1ccc(C(=O)NC[C@@H](c2cccs2)N(C)C)cc1,-25.06
ZINC000450413718,CC(C)C[C@H](NC(=O)C(C)(C)C)C(=O)N1CC(=O)N(C)C1,-30.44
ZINC000305793975,CCC[C@@](C)(O)C(=O)N[C@@H]1CCN(C(=O)CCc2ccccc2)C1,-29.78
ZINC000151999379,CCO[C@H](C)c1nccn1C[C@H](O)COCc1ccccc1,-35.54
ZINC000450505457,CCC[C@@H](OC)C(=O)Nc1cccc2c1OCCC2=O,-43.04
ZINC000328709194,CC[C@@H]1CN(c2nnc(C3CCC3)n2C[C@@H]2CCCO2)C[C@H](C)O1,-25.96
ZINC000262476557,CN[C@H](C(=O)N[C@H]1CCN(CC2CCCC2)C1)c1cnn(C)c1,-26.74
ZINC000262476555,CN[C@H](C(=O)N[C@@H]1CCN(CC2CCCC2)C1)c1cnn(C)c1,-17.74
ZINC000358851858,CCc1cnccc1[C@H](C)NC(=O)N(C)Cc1nc(CCOC)no1,-29.36
ZINC000298501177,CC(=O)c1ccc(C(=O)OCC(=O)N2CCC[C@@H](C)C2)cc1,-39.31
ZINC000173910081,CC[C@H]1CN(Cc2csc(NC(C)=O)n2)c2ccccc2O1,-24.89
ZINC000524167612,C[C@@H](Nc1ncccc1S(N)(=O)=O)c1c(F)cccc1F,-35.44
ZINC000182560883,C[C@H](NC(=O)c1csc(-c2ccc([N+](=O)[O-])cc2)n1)c1ncon1,-30.84
ZINC000348326198,Cc1ncc([C@H](C)Nc2cccc(OCCN(C)C)c2)c(C)n1,-30.44
ZINC000342831570,O=C(Nc1cnn(CC(F)(F)F)c1)C(=O)N[C@H]1CC2CCC1CC2,-32.93
ZINC000356280731,CCC[C@H](CNC(=O)[C@@H]1CC[C@@H](C(=O)O)O1)OC,-57.95
ZINC000428120167,NC(=O)c1cc(NC(=O)CCn2cnccc2=O)ccc1Cl,-46.38
ZINC000530936419,Cc1nc2n(n1)CCN(c1nc3ccccc3c(NCCO)n1)C2,-41.5
ZINC000342823990,CC[C@@H](C)c1ncc(NC(=O)C(=O)N[C@H]2CC3CCC2CC3)cn1,-32.96
ZINC000341096923,C[C@H]([C@H](C)NC(=O)N[C@@H]1[C@@H]2CCCO[C@H]2C1(C)C)N1CCOCC1,-22.33
ZINC000029196794,COc1cc(CNC(=O)c2ccc(C)n2C)ccn1,-35.3
ZINC000363888749,Cn1cnc2c1CCN(C(=O)c1ccc(F)c(Cl)c1F)C2,-37.49
ZINC000562713205,Cc1ncc(C(=O)NC[C@H](CO)c2ccc(F)cc2)c(N)n1,-42.82
ZINC000352319567,COc1ccc(S(=O)(=O)N(C)[C@@H]2COC[C@@H]2O)cn1,-26.65
ZINC000263425722,COc1cccc([C@H]2C[C@@H](O)CN2Cc2ccc(C(=O)O)cc2)c1,-47.92
ZINC000096054754,COc1ccccc1C/C(C)=C\C(=O)N[C@H]1CCCNC1=O,-30.68
ZINC000193727951,CC(C)[C@@H](CO)NC(=O)C[C@H](C)N1CCCCC1=O,-16.93
ZINC000448646365,CSCC[C@@H](O)C(=O)NCCCN(C)C1CCCCC1,-7.41
ZINC000129587663,O=C(C[C@@H]1CCNC1)N[C@@H](Cc1ccccc1)C1CC1,-21.41
ZINC000292594163,CSCSc1nnc(N2CCOCC2)n1-c1cccc(C)c1,-36.58
ZINC000042509720,CCNC(=O)CN(CC)C(=O)c1cc(-c2ccc(C)cc2)n[nH]1,-38.78
ZINC000369417281,Cn1cc([C@H]2[C@@H](CNC(=O)N3CCOCC3)CCCN2C)cn1,-25.75
ZINC000520769431,COc1cccc(C2(CNC(=O)N=c3nc[nH]n3C(C)C)CC2)c1,-36.2
ZINC000341760082,CCOC(=O)[C@H]1CCCN(C(=O)CN(CC(F)F)CC2CCC2)C1,-28.53
ZINC000359374295,COCc1nc(C(=O)N(C)C[C@@H](O)COCc2ccccc2)no1,-32.12
ZINC000288861349,CCOCCC1(C(=O)NCc2nccc(C(F)F)n2)CCCC1,-23.72
ZINC000579489847,Cc1csc(NC(=O)N2CC[C@H](Nc3ncccn3)C2)c1C#N,-49.74
ZINC000354648155,CCOC(=O)[C@H](N[C@@H]1CC[C@H](CC(=O)OC)[C@@H]1C)c1ccccc1,-10.34
ZINC000134800740,CCOC(=O)C(C)(C)C(=O)NCCCN(C)c1ccccc1F,-30.81
ZINC000194712350,Cc1ccn(CC(=O)NC[C@H]2CCCN2Cc2ccccc2)c(=O)c1,-14.71
ZINC000351492892,Cc1nc(-c2ccc(C(=O)N[C@H](CO)c3cnn(C)c3)cc2)n[nH]1,-48.63
ZINC000361710683,COc1cc([C@@H]2CCCN2C(=O)[C@H]2CCNC2)cc(OC)c1OC,-16.0
ZINC000352321085,O=S(=O)(N[C@H]1CC[C@H](O)C1)c1cccc(Br)c1,-42.76
ZINC000493456430,CC(=O)NCC[C@@H]1CCCN(C(=O)/C=C/c2cncs2)C1,-38.48
ZINC000361437416,CCO[C@@H]1C[C@@H](NC(=O)NCCCS(C)(=O)=O)[C@@H]1OC,-30.0
ZINC000361385926,CN(C)C(=O)COC1CN(Cc2ccccc2N(C)C)C1,-32.35
ZINC000219677661,Cc1c(Cl)cccc1C(=O)N(CCC#N)C(C)C,-31.3
ZINC000368566636,Cc1csc(N2CCCN(C(=O)c3ocnc3C3CC3)CC2)n1,-31.6
ZINC000420287711,NC[C@@H]1CC[C@@H](N=c2[nH]c(-c3ccccc3Cl)cs2)C1,-21.54
ZINC000277224925,COC[C@@H](NC1CCN(c2cccnn2)CC1)C(C)C,-25.05
ZINC000367139899,CCc1noc(CC)c1CNC(=O)N[C@H]1CCCC12CCOCC2,-32.58
ZINC000187927279,COCCCS[C@H](C)C(=O)NC1CCCCC1,-27.3
ZINC000346221096,CCN1C[C@H](C)N(CC(=O)Nc2ccc(C)c(F)c2)C[C@H]1C,-21.83
ZINC000408170674,CC[C@@H]1C[C@H](CC(=O)N[C@H]2CCC(=O)NC2)CCO1,-31.52
ZINC000418214675,C[C@H](CCN)NC(=O)N[C@@H]1c2ccc(F)cc2O[C@H]1C,-22.39
ZINC000272795109,O=C(c1cccc(-n2cccn2)n1)N1CC2(C1)CCCCC2,-30.97
ZINC000130170683,CCN(CC)CC(=O)N[C@@H](CO)[C@H](O)c1ccc([N+](=O)[O-])cc1,-31.34
ZINC000357486210,CCC(=O)N1CC[C@H](c2nc(CCCc3ccsc3)no2)C1,-37.77
ZINC000528146077,O=C(NCC1CC=CC1)N1CCc2c(F)cc(F)cc2C1,-32.65
ZINC000332568124,C[C@@H]1CCC[C@H](N(C)C(=O)C(=O)N2CC[C@@H]3CNC[C@@H]3C2)C1,-17.8
ZINC000172846193,CC(C)N(C)CC(=O)NC[C@@H](C)Oc1cccc(F)c1,-26.5
ZINC000192107565,CCC(C)(C)CNC(=O)C(=O)Nc1ccc(N2CCNC(=O)C2)cc1,-41.94
ZINC000192672164,CCc1cnc(NC(=O)C(=O)N2CCc3ccccc32)s1,-42.43
ZINC000352124498,COC(=O)[C@H](CNS(=O)(=O)c1c(C)cnn1C)C1CCOCC1,-42.95
ZINC000352124495,CC1(C)CC[C@@H](NC(=O)N2CCC(c3nnc4ccccn43)CC2)C1,-48.65
ZINC000222270216,Cc1cc(N)n(CC(=O)NCc2noc(-c3c(F)cccc3F)n2)n1,-43.26
ZINC000178472359,Brc1cccc(CN2CCN(C[C@H]3CCOC3)CC2)c1,-17.32
ZINC000347799125,CCOCCOCCN(C)C(=O)CN1C(=O)[C@@H]2CCCC[C@H]2C1=O,-39.06
ZINC000408227067,CC(=O)NCCc1noc([C@@H]2CC[C@H]3CCCC[C@@H]3C2)n1,-31.99
ZINC000340982254,Cc1nn(C)c(C)c1CCCNC(=O)NCCc1cnccn1,-36.66
ZINC000563061677,C[C@@H]1CCN(Cc2nc(C3CC3)nn2C)CC12CCCCC2,-30.97
ZINC000451301402,CCCC[C@@H](CCC)CNS(=O)(=O)c1cccnc1C(=O)OC,-33.5
ZINC000342640571,COC(=O)CCCN1CCC(NCCC(=O)N2CCCCC2)CC1,-21.75
ZINC000295980755,Cn1ccnc1[C@@H]1N(C(=O)C[C@@H]2CSCCS2)CC1(C)C,-23.83
ZINC000358047768,CCc1nc(CCNC(=O)C(=O)N2CCn3cnnc3C2)cs1,-39.75
ZINC000349561667,OC[C@H](NCc1cc(Cl)c2c(c1)OCCO2)c1ccsc1,-32.27
ZINC000333259973,CC(=O)N(C[C@H]1CCCN1C(=O)N[C@H]1CCCOCC1)C1CC1,-30.53
ZINC000348154687,CNC(=O)[C@H]1CCC[C@H]1NCCC(=O)Nc1cccc(C#N)c1,-27.07
ZINC000353406733,Cc1ccc(F)c(OCC(=O)N[C@H]2CC[C@H](C)C2)c1,-27.99
ZINC000263361053,COCCOc1cc(C(=O)N[C@H]2C[C@@H](C(=O)O)C2)ccn1,-56.62
ZINC000519601280,C=CCNC(=O)CNC(=O)CCNC(=O)[C@@H]1CCCN1,-11.39
ZINC000565307466,CC[C@H](C)c1nc([C@H](C)NC(=O)C[C@@H](C)n2ccnc2)n[nH]1,-35.0
ZINC000280755676,CC[C@H](C)C[C@@H](C)NC(=O)NCc1ccc(NC(=O)N(C)C)cc1,-31.92
ZINC000343714551,CCN(CC(=O)Nc1cccc(CN2C[C@H](C)O[C@@H](C)C2)c1)C1CC1,-32.17
ZINC000279077825,C[C@@H]1CN(C(=O)c2cc([C@H]3CCNC3)n[nH]2)[C@@H](C)CO1,-23.7
ZINC000189896827,C[C@@H]1OCCC[C@H]1C(=O)NCC1(c2ccc(F)cc2Cl)CC1,-28.54
ZINC000361474190,COC(=O)CN(CC(=O)OC)C(=O)c1cc(O)nc(N(C)C)n1,-27.56
ZINC000564843093,CCCCN1CCOC[C@H]1C(=O)Nc1cc(F)c(OC)cc1OC,-31.12
ZINC000574925973,O=C(N[C@@H]1CS(=O)(=O)C[C@H]1O)c1ccc(-c2cccs2)o1,-27.4
ZINC000360394903,CCOC[C@@H](O)CNC(=O)Nc1ccc(OC)c([N+](=O)[O-])c1,-35.35
ZINC000497214798,CN1CCN(C(=O)OC(C)(C)C)C[C@H]1CNC(=O)OCCCF,-49.0
ZINC000450430642,CO[C@@H](c1ccccc1Cl)[C@@H](C)N=c1[nH]ncs1,-66.12
ZINC000073926343,Cc1ccc(C)c(S[C@H](C(=O)N2CCC[C@H](C(N)=O)C2)C(C)C)c1,-30.59
ZINC000427937851,C[C@@H]1C[C@H](C)CN(C(C)(C)CNC(=O)c2cc(O)cc([N+](=O)[O-])c2)C1,-61.35
ZINC000427937853,C[C@H]1C[C@H](C)CN(C(C)(C)CNC(=O)c2cc(O)cc([N+](=O)[O-])c2)C1,-56.7
ZINC000344636502,CCS(=O)(=O)NCCCNC(=O)[C@H]1CCO[C@H]1c1nccn1C,-26.44
ZINC000271085391,Cn1cnc([N+](=O)[O-])c1N[C@@H]1CC(=O)N(C)[C@H]1c1ccc(Cl)cc1,-30.55
ZINC000138037302,CCNC(=O)c1ccc(CNC(=O)N[C@H](COC)C2CC2)cc1,-31.95
ZINC000479549998,Cc1ccc(S(=O)(=O)N[C@@H](C)C(=O)N[C@H](C)c2ncon2)cc1,-35.82
ZINC000296664906,CCc1noc(NC(=O)Nc2cc(SC)ccc2C)n1,-28.52
ZINC000124561476,Cc1cc(C[C@@H](C)NC(=O)N2CCC[C@H]2CC(C)C)n[nH]1,-34.35
ZINC000358890579,CCCCCn1nc(C)cc1NC(=O)N1CCO[C@@H](CN(C)C)C1,-21.49
ZINC000418868473,CCC1(CNC(=O)C(=O)NCC2=CCNCC2)CCCC1,-16.62
ZINC000287078119,C[C@H](NC(=O)N(C)C[C@H]1CCCCO1)c1nccn1-c1ccccc1,-33.51
ZINC000182869425,COc1ccc(N[C@@H](C)C2CCC2)c(OC)c1OC,-23.55
ZINC000492748636,C/C=C/C=C\C(=O)N[C@@H]1CCCN(c2ncc[nH]c2=O)C1,-27.89
ZINC000152315631,C[C@@H](NC(=O)c1ccc2c(=O)n(C)c(=O)n(C)c2n1)C1CCOCC1,-27.3
ZINC000359606302,O=C(Cc1ccc2c(c1)OCCO2)NC[C@@H](O)COCC1CC1,-22.39
ZINC000497206546,CCN(C)C(=O)CNC(=O)N1CCCC[C@H]1COC(=O)N(C)CC,-33.8
ZINC000346185615,CC(C)c1cnc(CN2C[C@H](CO)OC[C@H]2C)s1,-35.07
ZINC000283188270,CCC(CC)NC(=O)C(=O)N(C)[C@H]1CCCc2nc(C)sc21,-31.84
ZINC000188238372,CCCCN(CC(N)=O)C(=O)[C@@H](O)Cc1cccc(C(F)(F)F)c1,-24.24
ZINC000428121051,O=C(CCc1ccc(Cl)s1)NCC1CCNCC1,-25.01
ZINC000356380951,O=C(N[C@@H](CO)c1cccc(F)c1)c1csc(-c2cnccn2)n1,-41.3
ZINC000496746018,C[C@@H](NC(=O)CCN1CCOC1=O)C(=O)NCCN(C)C,-6.28
ZINC000486938739,O=C1C[C@@H](NC/C=C\c2ccncc2)CN1c1ccccc1,-22.82
ZINC000360258686,NC(=O)N1CCC[C@H](CNC(=O)c2c[nH]cc2-c2ccccc2)C1,-43.56
ZINC000127769356,O=C(CNC(=O)c1ccc(Cl)cc1Cl)N1CCO[C@H](CO)C1,-29.38
ZINC000125865101,CS[C@@H](C)C(=O)N1CC[C@@H](Cc2ccccc2)C1,-31.93
ZINC000356060679,C[C@@H](NC(=O)N1CCC(OCCN(C)C)CC1)[C@@H](C)c1ccccc1,-22.28
ZINC000282694666,CCCc1nnc(NC(=O)N[C@@H](C(N)=O)c2ccc(F)cc2)s1,-29.28
ZINC000375642468,Cc1ccc2c(c1)[C@H](NC(=O)C1CCC(NC(=O)C3CC3)CC1)CO2,-23.38
ZINC000337821916,CCNC(=O)c1ccc(=N[C@@H]2CCc3ccccc3OC2)[nH]n1,-33.64
ZINC000163942034,CC(C)c1noc([C@H](C)S[C@@H]2CCO[C@@H]2C)n1,-33.74
ZINC000430033080,Cn1ccc(CNCc2cc(Cl)ccc2OCC2CC2)n1,-30.22
ZINC000354854439,Cc1ccc(C(=O)NC2CCN(CCC[C@H](C)O)CC2)s1,-17.11
ZINC000266371687,C[C@@H]1CN(S(=O)(=O)Cc2ccon2)[C@@H](c2ccccc2)CO1,-29.03
ZINC000492306468,CC(C)(C)OC(=O)N[C@@H]1CCCN(C(=O)N[C@H]2CCCOCC2)C1,-30.55
ZINC000530512048,CN1CCOC[C@H]1C(=O)Nc1cccc2c1OC(C)(C)C2,-32.46
ZINC000496950403,CO[C@](C)(CNC[C@@]12C[C@@H]1CN(C(=O)OC(C)(C)C)C2)C1CC1,-22.39
ZINC000270609336,CCOc1ccnc(N2CCN(C(=O)CC[S@](C)=O)CC2)n1,-30.21
ZINC000355917508,CCCC[C@H](S[C@@H]1CCCN(C(C)C)C1=O)C(=O)OC,-29.04
ZINC000419619723,CC[C@@H](CSCC(=O)NC[C@@H]1CCCO1)OC,-18.56
ZINC000420903305,COc1ccc2cc(CN(C)C[C@H]3C[C@@H](O)C3)ccc2c1,-27.26
ZINC000449823662,O=C(NCc1ccnc(OC2CCCCC2)c1)[C@@H](O)C1CCC1,-32.08
ZINC000437852234,CO[C@]1(C)C[C@H](NC(=O)c2ncccc2OCC(F)(F)F)C1(C)C,-25.38
ZINC000350974679,CCC(=O)c1ccc(-c2nc(Cc3cnccn3)no2)cc1,-46.63
ZINC000339357237,CCOC(=O)C[C@H](O)C(=O)Nc1cc(Cl)ccc1O,-26.45
ZINC000580400818,C[C@@H]1C[C@@H](NC(=O)NCC2=CCOCC2)CN1Cc1ccccc1,-22.3
ZINC000349524786,C=CCC[C@H](C)N[C@@H]1CCOC2(CCSCC2)C1,-20.63
ZINC000429455090,O=C(N=c1cc(-c2cccc(Cl)c2)o[nH]1)C(=O)c1ccc(F)cc1,-40.84
ZINC000345061061,C[C@H]1CN(C(=O)CCc2nc(-c3ccco3)no2)C[C@@H]1C(N)=O,-37.71
ZINC000337088457,COC1CCN(C2(CNC(=O)N3CC[C@H](C)C3)CCCC2)CC1,-20.45
ZINC000119093523,CCC[C@](C)(NC[C@H](C)CS(C)(=O)=O)C(=O)OC,-25.24
ZINC000159737040,CCN(CC#N)CCOc1cc(Cl)cc(Cl)c1,-25.56
ZINC000288738153,C/C=C(\CC)C(=O)Oc1ccc2c(c1F)CCC2=O,-37.51
ZINC000572160415,C[C@@H]1NCC[C@H]1C(=O)Nc1ccccc1OC1CCCC1,-24.81
ZINC000053350347,Cc1nn(C)c(C)c1C(=O)NCc1ccc(N2CCCCC2=O)cc1,-54.16
ZINC000332767265,O=C([C@@H]1CNC(=O)C1)N1CCC[C@H]1[C@@H]1CCCC1=O,-26.74
ZINC000370257784,CCn1nc(C)c(S(=O)(=O)N2CCc3c(ncn3C)C2)c1C,-40.28
ZINC000264253770,CCCCC[C@@H](C)NC(=O)C(=O)Nc1ccc(OCC(=O)NC)cc1,-25.11
ZINC000339971064,CO[C@H]1CCC[C@H](C(=O)NCc2nc(C)no2)C1,-29.36
ZINC000127459883,NC(=O)[C@H]1CCCN(Cc2ccc(NCc3ncc[nH]3)cc2)C1,-31.08
ZINC000456055593,Cc1ccc(-c2nc(C)c(C(=O)NC3(CF)CCOCC3)s2)o1,-37.27
ZINC000448205279,CCOC(=O)[C@H]1CN(C(=O)c2cc(C)ccc2F)Cc2ccccc21,-27.95
ZINC000362599634,CCOC(=O)CCN(C)C(=O)CCc1c[nH]c2cc(C)ccc12,-34.13
ZINC000450174041,CNC(=O)[C@@H](NC(=O)c1cnc(C2CC2)nc1)C(C)C,-26.0
ZINC000417754962,COc1ccc(C[C@H](C)NC(=O)NC[C@H]2CNC[C@@H]2O)cc1OC,-21.56
ZINC000076351878,CCCN(CC(=O)N(C)C)S(=O)(=O)Cc1ccccc1Cl,-34.5
ZINC000282431165,COCCN1CN(C(=O)c2cccnc2N2CCCCC2)CC1=O,-32.76
ZINC000412047369,C[C@@H](NC[C@@H]1CCc2ccccc2C1)c1csnn1,-41.02
ZINC000435294946,CS[C@@H]1CCCCN(C(=O)CCOCC2CC2)C1,-32.96
ZINC000344755677,COC(=O)c1cc2c(o1)c(OC)ccc2CNC[C@H]1CCC[C@H]1O,-13.15
ZINC000089991214,O=C(C[C@@H]1CCCO1)Nc1c[nH]cc(Br)c1=O,-44.25
ZINC000564716456,CCC[C@@H]1CNCCN1C(=O)N[C@H]1CCO[C@H](c2ccccc2)C1,-29.96
ZINC000171950545,COc1cc(CN2CCN3CCC[C@@H]3C2)ccc1SC,-19.42
ZINC000172617047,CN(Cc1nnc[nH]1)C(=O)c1ccccc1C(=O)c1ccccc1,-43.78
ZINC000361921933,CN(C)S(=O)(=O)CCC(=O)N1CC[C@@H]2CCN(C)C[C@H]21,-11.23
ZINC000364304634,Cc1ccc(F)c(N2CCC(NC(=O)c3ccc(C#N)nc3)CC2)c1,-30.62
ZINC000331970196,C[C@H](CN1CCCCCC1)NC(=O)[C@H](C)NC(N)=O,-6.47
ZINC000048694948,Cc1ccc(F)cc1NC(=O)NC[C@@H]1CCCOC1,-27.78
ZINC000222090316,O=C(CCc1nc(-c2ccccc2)no1)N[C@H]1CCN2CCCC[C@@H]12,-24.5
ZINC000423581735,Clc1cc(Br)cc2c1CC[C@@H]2NC[C@@H]1CNCCO1,-23.36
ZINC000293243590,CO[C@@H]1CCCC[C@H]1C(=O)NCCn1ccnc1C,-38.95
ZINC000338271177,Cc1ccc2c(CN(C)[C@@H](C)C(=O)OC(C)C)ccc(O)c2n1,-37.13
ZINC000336597786,COc1ccc(Br)cc1NC(=O)[C@H]1CCN1,-22.82
ZINC000361435177,Cc1cc(C)nc(NC(=O)C2(c3cc(F)cc(C#N)c3)CC2)n1,-26.92
ZINC000046266442,CCN(CC)C(=O)Cc1ccc(NC(=O)[C@@H]2CC(=O)N(CC)C2)cc1,-35.13
ZINC000294393114,Cc1nc2ccc(NC(=O)CCC(C)(C)[N+](=O)[O-])cc2s1,-36.59
ZINC000297332805,COc1cncnc1NC(=O)N1C[C@@H](c2ccccc2)[C@H](C#N)C1,-32.64
ZINC000269498686,NC(=O)c1ccc(C(=O)NCCC2CCCCC2)o1,-32.73
ZINC000157036234,COCCOc1cccc(CNC(=O)NCCc2cccc(C)c2)c1,-29.47
ZINC000292618048,O=C(Nc1ccccc1OCC1CC1)c1cn(C2CCOCC2)nn1,-29.33
ZINC000262748884,CCS(=O)(=O)c1ccc(CC(=O)N[C@H]2CC[C@@H](C(=O)O)C2)cc1,-37.74
ZINC000292082944,CC1(C)C[C@@H]1NC(=O)N1C[C@@H](c2ccccc2)[C@H](C#N)C1,-32.41
ZINC000424467635,O=C(N[C@@H]1CCC[C@H](C2CC2)C1)N1CC[C@@H]2CNC[C@@H]21,-21.7
ZINC000497253734,CC(C)(C)OC(=O)NC[C@@]1(C)CCN(Cc2ccc(F)cn2)C1,-33.84
ZINC000413623336,CCOC(=O)[C@H](CC)C(=O)Nc1ccc(OCC)c(CO)c1,-28.37
ZINC000265246503,COC(=O)COc1cccc(CNC(=O)[C@@H](OC)c2ccccc2)c1,-34.46
ZINC000272957740,COc1ccc(C(=O)N(CC#N)C2CC2)cc1OC1CCCC1,-47.87
ZINC000367945216,CN(Cc1ccccc1)C(=O)NCCC(=O)N1CC2(C1)CCCOC2,-32.26
ZINC000367945212,O=C(c1ccc(N2CCCC2)nc1)N1CC2(C1)CCCOC2,-35.01
ZINC000352967134,COc1c(F)cc(F)cc1NC(=O)NCc1cccc(N(C)C)c1,-35.18
ZINC000352967137,CC(C)[C@](C)(O)C(=O)N1CCN(CCCOCC(F)(F)F)CC1,-34.43
ZINC000152500561,CCOc1ccc(C(=O)N[C@H]2C[C@@H](OCC)C23CCC3)cc1[N+](=O)[O-],-34.6
ZINC000268477024,CC(=O)Nc1ccc(F)c(C(=O)NC[C@H](O)C2CC2)c1,-37.99
ZINC000556212104,N#Cc1cc2c(nc1N1CCOC[C@H](C3CCC3)C1)CCOC2,-28.99
ZINC000262829082,C[C@H]1C[C@H](NC(=O)c2c[nH]nc2-c2ccc(F)cc2)CCN1,-27.47
ZINC000369937819,CCCO[C@H]1CCCN(C(=O)[C@@H]2CSC(=O)N2)CC1,-40.9
ZINC000268160113,COc1ccccc1N1CC[C@@H](NC(=O)Nc2sc(C)nc2C)C1,-26.45
ZINC000351599998,CCOCCOCC(=O)Nc1nc(-c2ccccc2)co1,-32.11
ZINC000331714132,COCC[C@H](C)NC(=O)CN1C(=O)NC2(C[C@@H](C)C[C@H](C)C2)C1=O,-26.8
ZINC000343660665,CN(C)Cc1cccc(CNC(=O)[C@@H]2COCCN2C)c1,-20.59
ZINC000283871469,COCCN(Cc1ccco1)C(=O)Nc1ncnn1C(C)(C)C,-29.12
ZINC000335935729,O=C(NCc1ccc(O)c(F)c1)c1sccc1F,-40.04
ZINC000054763403,CC[C@@H](CO)NC(=O)NCCN(C)Cc1ccccc1,-11.93
ZINC000515906515,O=C(N[C@@H]1CCO[C@H](C2CC2)C1)C(=O)N1CC[C@H]([C@@H]2CCOC2)C1,-30.3
ZINC000033320560,O=C1N=C(N/N=C\c2ccc(F)cc2)S[C@@H]1c1ccccc1,-35.95
ZINC000361851928,Cc1ccc2c(c1)CCN(CC(=O)N(C)Cc1cccs1)C2,-33.0
ZINC000252497098,CC(C)c1ccc(Cl)c(S(=O)(=O)NC[C@@]2(O)CCO[C@@H]2C)c1,-24.4
ZINC000281325279,Cc1cc(O[C@H]2CCN(C)C2=O)ccc1NC(=O)CC[C@@H]1CCCO1,-41.49
ZINC000111014004,CC[C@@H]1CN(C(=O)c2cccc(Cl)c2)C[C@@H](C)O1,-32.13
ZINC000263731474,COc1ccncc1NC(=O)c1cn(C)nc1C1CCCCC1,-35.34
ZINC000424306259,CO[C@@H](C)c1noc(CN(C)C[C@@H](CN)c2ccc(F)cc2)n1,-13.74
ZINC000345171909,COC(=O)CCN(C(=O)[C@H]1CCC[C@H](C(N)=O)C1)C(C)C,-30.72
ZINC000563416037,CCCN(C(C)C)S(=O)(=O)c1ccc(F)c(OC)c1,-31.72
ZINC000188281119,CCOC(=O)/C=C/c1ccc(NC(=O)[C@H]2C[C@H](F)CN2)cc1,-38.58
ZINC000557006392,CC(=O)N[C@H](CC(=O)N1CCC[C@@H]1c1ncon1)c1ccccc1,-28.79
ZINC000355381596,N#Cc1ccc(S(=O)(=O)NC[C@@H]2CCC[C@@]23NC(=O)NC3=O)cn1,-38.75
ZINC000561554816,Cc1nc(CN2CCC(CNC(=O)N[C@@H]3CC[C@H]3C)CC2)oc1C,-33.87
ZINC000275147717,C[C@@H](C(=O)O)N(Cc1ccccc1)S(=O)(=O)C[C@H]1CCOC1,-40.85
ZINC000343562186,N#CCNC(=O)CNC(=O)CNC(=O)c1ccc2c(c1)CCC2,-31.08
ZINC000493550224,COC(=O)[C@@H]1CCCC[C@@H]1NC(=O)/C=C/c1cncc(O)c1,-29.19
ZINC000276389773,COc1ccc(CNC[C@@H]2CC(C(N)=O)=NO2)cc1F,-30.06
ZINC000022262652,Cc1cc(OCC(=O)Nc2ccc(-c3nccs3)cc2)no1,-43.66
ZINC000408918284,CCOc1cc(/C=C2/NC(=O)NC2=O)cc(Cl)c1OCC(=O)O,-68.33
ZINC000341299629,CC(=O)N[C@H](CC(C)C)C(=O)N1CCS(=O)(=O)[C@H]2CCCC[C@@H]21,-29.71
ZINC000155979866,Cc1ccc(SCCNC(=O)CSc2cnn[nH]2)cc1,-38.36
ZINC000176368359,CC(C)COC[C@H](O)CNC(=O)CCc1nnc(-c2ccccc2)o1,-30.39
ZINC000529292473,COCCO[C@H]1CCCN(C(=O)c2ccsc2C(F)(F)F)C1,-37.3
ZINC000375620386,COCCCOC1CN(C(=O)[C@@]2(C)CCC(=O)NC2)C1,-37.97
ZINC000352456588,Cc1nc(C2(NC(=O)[C@H](C)CS(C)(=O)=O)CCCC2)no1,-34.99
ZINC000037988947,CC(C)CCOc1ccc(CNCc2nncn2C)cc1,-43.37
ZINC000179174342,Cc1nn(C)cc1[C@@H](C)NC(=O)CC[S@@](C)=O,-35.96
ZINC000348829282,CCOCCOC1CN(C(=O)NC2CCSCC2)C1,-25.91
ZINC000087351627,CC(C)(C)[C@H](NC(=O)[C@H]1CC(c2c(F)cccc2F)=NO1)C(N)=O,-32.26
ZINC000087351624,CCc1cccc2c(CC(=O)N[C@H](C(N)=O)C(C)(C)C)c[nH]c21,-33.94
ZINC000420984795,C[C@H](CCN1CCN(C(=O)C2CC2)C1)OCc1ccccc1,-32.04
ZINC000364815019,O=C(OCC1CC1)N1CCC[C@]2(C1)OCc1ccccc12,-25.07
ZINC000415711220,CC[C@@H](C(=O)Nc1cccnc1C(F)(F)F)N1CCCC1=O,-35.44
ZINC000270963517,Cc1cc(F)ccc1-n1cc(O)c(C(=O)N[C@H]2CC(C)(C)OC2=O)n1,-27.57
ZINC000346794125,CC[C@H](C)[C@@H](NC(C)=O)c1nc([C@@H](OC)c2ccc(F)cc2)no1,-27.75
ZINC000279501227,O=C(NC[C@H]1COC2(CCCCC2)O1)[C@H](O)c1ccccn1,-33.3
ZINC000031883364,CC(=O)N(C)CC(=O)Nc1nc(-c2ccc3c(c2)CCC3)cs1,-41.18
ZINC000328822908,COc1coc(C(=O)N2CC[C@@H]3CCN(C)C[C@@H]32)cc1=O,-37.55
ZINC000415544062,CC(C)[C@H](N)CCN(C)C(=O)Nc1cc2c(cc1F)NC(=O)CC2,-24.85
ZINC000132725812,CC(C)(C)OC1CC(N2CCC(OC[C@@H]3CCCCO3)CC2)C1,-26.9
ZINC000417501620,CC(C)n1[nH]cnc1=NC(=O)NC[C@H]1CCCC[C@@H]1C(F)(F)F,-33.68
ZINC000370297306,O=C(Nc1nccs1)N1CCN([C@@H]2CCCCNC2=O)CC1,-49.64
ZINC000073652008,C[C@@H](CNC(=O)N([C@@H](C)C1CC1)C1CC1)N1CCOCC1,-24.21
ZINC000158526612,Oc1ccccc1N1CCN(Cc2ccc3cn[nH]c3c2)CC1,-39.57
ZINC000519702137,C[C@@H](c1ccccc1)[C@H](O)CNCc1ccc(CO)c(F)c1,-19.98
ZINC000488796068,COC(=O)C1(O)CCN(C(=O)C[C@H]2C[C@H](C)c3c2cccc3C)CC1,-32.64
ZINC000360682162,COC[C@@H]1C[C@H](OC)CN1C(=O)N[C@@H](C)[C@H](C)OC,-18.3
ZINC000081994977,C[C@@H](NS(C)(=O)=O)C(=O)N(C)[C@@H](C)[C@H](C)c1ccc(Cl)cc1,-26.91
ZINC000289664122,COc1cc([C@H](C)NCCc2cn[nH]c2)ccc1S(C)(=O)=O,-22.46
ZINC000438275988,CCN1CCC[C@@H]1CNC(=O)N[C@@H]1C[C@H]1c1cccc(Cl)c1,-31.05
ZINC000008938647,C=C(C)CN1C(=O)N[C@@](C)(c2ccc(OC(F)F)cc2)C1=O,-39.92
ZINC000339684411,C[C@@H](C1CCN(C)CC1)N(C)C(=O)C(=O)NCCc1ccco1,-23.99
ZINC000495751762,CC(C)COC(=O)N1CCC(N[C@@H](C)c2nncn2C)CC1,-39.05
ZINC000377287055,CC(C)OC[C@H]1CN(C(=O)NCC2(S(C)(=O)=O)CCC2)CCO1,-27.08
ZINC000347603788,COC[C@@H]1C[C@H](OC)CN1C(=O)NCc1nnc(C(C)(C)C)s1,-34.4
ZINC000127200418,CNC(=O)C1CCN([C@H]2CCCN(CC(F)(F)F)C2=O)CC1,-32.7
ZINC000566299608,CO[C@@H]1CCC[C@@H]([C@H]2NC(=O)N(c3cc4n[nH]cc4c(C)c3)C2=O)C1,-28.63
ZINC000519937985,Cn1cc([N+](=O)[O-])cc1C(=O)N[C@@H]1CCN(CC(F)(F)F)C1,-37.97
ZINC000538382510,CC(C)CN1CCC[C@H](CNC(=O)N2CC[C@@H]2C(C)C)C1,-17.96
ZINC000116212056,Cc1noc(CCCC(=O)N2CCC[C@@H]2c2ccco2)n1,-37.08
ZINC000428508574,COC[C@H](C)CC(=O)N1CCn2c(nnc2C(F)(F)F)C1,-28.94
ZINC000368017933,CSC1(CN2CCC[C@H](N3CCCCCC3)C2)CC1,-13.85
ZINC000132069042,Cc1nc(NC(=O)CN(C)[C@H](C)CO)sc1Cc1ccc(C)cc1,-18.56
ZINC000452105603,COC(=O)c1sccc1S(=O)(=O)N[C@H](C)c1cccc(C)c1,-24.24
ZINC000171004508,Cc1noc(CCNC(=O)N[C@H](C)c2cccnc2)n1,-42.89
ZINC000252794685,CCO[C@@H]1C[C@@H](NCc2cc(F)ccc2Br)[C@H]1OC,-24.23
ZINC000454819598,CC[C@@H](NC(=O)NCCC(C)(C)O)C1CCCC1,-32.39
ZINC000342066001,C[C@H](CN1CCCCC[C@H]1CCO)CS(C)(=O)=O,-6.9
ZINC000174625575,COC[C@@H](NC(=O)CCC(=O)c1ccc(OC)cc1)c1ccco1,-30.27
ZINC000544084807,O=C(Nc1cccc([C@H]2CNC(=O)C2)c1)C12CCC(CC1)C2,-28.59
ZINC000530202090,CO[C@@H]1CCN2C(=O)N(CC3CC=CC3)C(=O)[C@@H]2C1,-29.29
ZINC000358561255,C[C@H](NC[C@H]1CCN(CC(F)(F)F)C1)c1ccc(C#N)cc1F,-18.95
ZINC000120186450,Cc1cc(C(=O)N2C[C@@H](C)c3ccccc32)n(C)n1,-32.29
ZINC000453000792,CCN1C[C@H](NC(=O)C[C@H](C)c2ccccc2OC)CC1=O,-29.54
ZINC000368790750,O=C(Nc1ccc(N2CCCS2(=O)=O)cc1)[C@H]1C[C@@H]1c1ccco1,-37.62
ZINC000358500699,C[C@H]([C@@H](C)S(C)(=O)=O)N(C)C(=O)N=c1cccn[nH]1,-40.75
ZINC000334690821,Cc1ccc(CNC(=O)N2CC[C@H](F)C2)c(C)c1,-28.85
ZINC000078570802,COC(=O)C[C@@H]1CN(C(=O)Nc2cc(F)c(F)cc2F)CCO1,-31.14
ZINC000189932887,CCSCC[C@@H](C)NC(=O)N[C@H](C)c1ccncc1OC,-22.06
ZINC000337171029,C[C@@H]1COCCN1CCN1CCC[C@@H]1C1CCOCC1,-15.67
ZINC000569381956,O=C(c1c[nH]nc1-c1ccncc1)N1CC[C@](F)(c2ccccc2)C1,-34.13
ZINC000178875901,COC(=O)C[C@H]1CCCN1C(=O)c1ccc(N2CCCCCC2)nc1,-33.07
ZINC000493288710,Cc1cnccc1/C=C/C(=O)N1CCN(C(=O)OC(C)(C)C)C[C@H]1C,-33.71
ZINC000354514078,COC(=O)c1cn(C2CN(C(=O)c3n[nH]c(C)c3[N+](=O)[O-])C2)nn1,-44.72
ZINC000174437077,COC[C@@H]1CN(C(=O)Nc2ccc(C)cc2F)CCO1,-32.0
ZINC000365107531,C[C@@H](O)CCCNC(=O)N[C@@H]1CCN(C2CCCC2)C1,-3.44
ZINC000577267934,Fc1ccc(CN[C@@H]2CNC[C@H]2c2ccccc2)c(F)c1,-22.11
ZINC000494282972,C[C@@H]1CN(S(=O)(=O)NCc2cc(C(N)=O)co2)[C@@H](C)CO1,-37.57
ZINC000339594697,C[C@@H](CO)CNC(=O)NCCc1cnc(C2CC2)nc1,-36.29
ZINC000492778099,O=C(/C=C\c1cnc[nH]1)N1CCN(CC(=O)N2CCCCC2)CC1,-41.53
ZINC000000465516,O=S(=O)(Nc1cccnc1)c1c(Cl)cccc1Cl,-48.38
ZINC000341664823,CCC(CC)(CC)CNC(=O)[C@@H](C)CN1CCOCC1,-22.65
ZINC000350786232,CCNC(=O)N1CC[C@H](NC(=O)NCC[C@H]2CCCC[C@@H]2C)C1,-30.31
ZINC000429361820,CC[C@H](C(=O)OC)N1CC[C@H](C(=O)OC)[C@@H]1C(C)C,-11.58
ZINC000191112089,Cc1cccc(C[C@@H](CO)NC(=O)[C@@H]2Cc3ccccc3O2)c1,-29.41
ZINC000072432790,Cc1cccc(S(=O)(=O)N2CCC(C(=O)O)(n3cccn3)CC2)c1,-66.05
ZINC000278713787,CC[C@@]1(C)NC(=O)N(NS(=O)(=O)c2sc(C)nc2C)C1=O,-49.44
ZINC000183244767,O=C(Nc1ccc(O)cc1F)C1(c2ccc(F)cc2)CC1,-39.96
ZINC000529762599,CCS(=O)(=O)c1ccccc1C(=O)NC[C@H](O)[C@H]1CCCO1,-31.91
ZINC000458504425,CC[C@H](NC(=O)NC1CCN(C2CCCC2)CC1)[C@@H](O)C(F)F,-15.15
ZINC000195017748,O=C(/C=C/c1cc2ccccc2o1)N1CCC[C@@]2(C1)NC(=O)NC2=O,-40.69
ZINC000398687032,C[C@@H]1C[C@@H](CO)CN(c2nc(C(F)(F)F)ns2)C1,-33.92
ZINC000535615015,CC(=O)Nc1ccccc1CNC(=O)N(CC(F)F)CC1CCC1,-39.7
ZINC000297904629,Cc1ccc(CN(C)C(=O)C(=O)N2CCN(CC(C)C)C(=O)C2)o1,-26.18
ZINC000454483787,CCNC(=O)c1ccc(NC(=O)N[C@H](C(C)C)[C@@H](CO)C(C)C)cc1,-17.88
ZINC000412187535,CCOC(=O)[C@@H](CC)C(=O)Nc1nc2c(cccc2F)n1C,-31.06
ZINC000370492484,O=C(Nc1cccc(N2CCC2=O)c1)N1CC(O)(C2CC2)C1,-40.93
ZINC000316922997,C[C@@H]1CN2CCCC[C@@H]2CN1Cc1cccc2cccnc21,-37.21
ZINC000332654922,CO[C@@H]1CN(C(=O)C(=O)N2CC[C@@H]3NCC[C@@H]3C2)CC[C@H]1C,-21.59
ZINC000338305540,O=C(COc1ccc(Cl)c2ccccc12)N1C[C@@H]2COC[C@H](C1)O2,-34.0
ZINC000330169591,Cc1ccc(S(=O)(=O)N2CC[C@@H](N3CCCC3=O)C2)c(Cl)c1,-34.4
ZINC000492085024,O=C(/C=C\C1CCC1)NCc1cccc(-n2ccnc2)c1,-36.85
ZINC000095400751,C[C@@H](Nc1ncccn1)[C@H]1CN(Cc2ccccc2)CCO1,-29.92
ZINC000254992189,CN1C(=O)CN(C(=O)/C=C\c2ccc3c(c2)CCO3)c2ccccc21,-34.67
ZINC000046746684,Cc1ncsc1C(=O)N(C)[C@@H]1CCc2ccccc21,-39.67
ZINC000295452916,CCC[C@@H](CNC(=O)CCc1nccs1)OC,-32.96
ZINC000375673394,C[C@@H]1CN(C(=O)[C@@H]2CC2(Cl)Cl)C[C@H]1C(=O)N1CCOCC1,-32.78
ZINC000576514970,CCCCn1nnnc1CN1CC[C@@H](OC(C)C)C1,-32.59
ZINC000530577924,CC(C)n1cc([C@H](C)NC(=O)C2CCN(C)CC2)cn1,-30.16
ZINC000276990835,O=C1O[C@@H](CN2CCN(c3cncc(F)c3)CC2)CC12CCC2,-36.08
ZINC000188753121,CCN1CCCC[C@@H]1CNC(=O)C(=O)Nc1cnn([C@@H](C)C2CC2)c1,-24.5
ZINC000270370119,CC(C)Oc1cc(C(=O)N2CCC(N(C)CCCO)CC2)ccn1,-25.8
ZINC000362211839,COc1ccc([N+](=O)[O-])cc1NC(=O)C(=O)NC[C@@H]1CC[C@H](C)C1,-42.23
ZINC000440564205,CCC[C@@](C)(O)CNC(=O)[C@H]1CCCN1C(=O)CC(C)(C)C,-28.06
ZINC000335007316,O=C(C[C@H]1CCCN1)N[C@@H]1CCCOc2cc(F)ccc21,-19.75
ZINC000536589116,C[C@H](NC(=O)[C@]12CCC(=O)N1CCS2)c1cccc(F)c1F,-36.81
ZINC000178087861,CC[C@H]1CCCCN1C(=O)C[S@](=O)Cc1ccc(F)c(F)c1,-29.9
ZINC000295297697,CC[C@@H]1CCC[C@H]1C(=O)Nc1ccc(C(N)=O)nc1,-35.59
ZINC000410744422,CC[C@@]1(C)CN(C(=O)C(=O)N2CCO[C@@H](C(=O)NC)C2)CCO1,-26.3
ZINC000154655235,CNC[C@@H](C)CNC(=O)[C@H]1CCN(c2cccc(Cl)c2)C1=O,-26.21
ZINC000541423469,CCCc1c(C(=O)NCC[C@@H]2C(=O)NN=C2C)cnn1C1CCCC1,-46.24
ZINC000411517880,O=C(NCCOC1CCCC1)[C@@H]1CCO[C@H]1c1ccccc1,-29.44
ZINC000173003118,Cc1[nH]nc2ncc(C(=O)N3CCC[C@H](C)[C@@H]3C)cc12,-49.22
ZINC000178030161,CC(=O)Nc1cccc(CN[C@H](C)c2cn(C)nc2C)c1,-31.11
ZINC000290269613,C[C@H]1[C@@H](NC(=O)OC(C)(C)C)CCN1C(=O)c1c(O)cccc1F,-43.31
ZINC000301825220,Clc1ccccc1OC1CCN(c2ncnc3nc[nH]c32)CC1,-39.2
ZINC000159357344,CN(CCc1cccs1)C(=O)N[C@H]1CCOC1,-32.24
ZINC000296604392,COC[C@H](CN[C@H]1CCc2cccc(O)c21)OC,-7.72
ZINC000264200885,CC(C)(C)c1csc(CNC(=O)COC2CCCC2)n1,-27.14
ZINC000339785413,CO[C@@]1(C)CCCN(C(=O)C(=O)NCCCOCC(C)C)C1,-28.81
ZINC000291301041,Cc1nnc(CCNC(=O)c2nccn3ccnc23)s1,-44.3
ZINC000410891250,CCOCCN(C)C(=O)C(=O)N(C)[C@H]1CCCC[C@H]1CC,-18.74
ZINC000547963170,CCOC(=O)c1cnc(N(C)Cc2ccc(C)cc2)cn1,-35.54
ZINC000021850174,Cc1ccc2c(COC(=O)[C@@H]3CCC(=O)N3)cc(=O)oc2c1,-35.8
ZINC000021850177,Cc1ccc2c(COC(=O)[C@H]3CCC(=O)N3)cc(=O)oc2c1,-39.57
ZINC000287461901,COc1c(C)ccc(NC(=O)C2=C(C)OCCS2)c1C,-39.93
ZINC000193115441,CCN(CC)C(=O)[C@H](C)N1CCC(OCCC(C)C)CC1,-12.04
ZINC000546823422,O=C(c1ccc(-n2cncn2)cc1)N1CCOCC2(CCC2)C1,-40.28
ZINC000353970107,C[C@@H](N[C@@H](C)c1cccc(S(N)(=O)=O)c1)c1ccc2n[nH]cc2c1,-32.15
ZINC000120314200,COc1ccc(CN(C)C(=O)[C@@H](C)Oc2ccc(C#N)cc2)cc1O,-35.62
ZINC000492636370,O=C(/C=C\c1ccc(O)cc1)NCCC(=O)Nc1cccnc1,-19.87
ZINC000377054724,CN(C)c1ccc(NC(=O)N2CCC[C@H]2C2CC2)nc1,-25.29
ZINC000362225031,CCOC(=O)[C@@H](NC(=O)C(=O)c1ccc2c(c1)CCC2)[C@@H](C)CC,-28.4
ZINC000566293882,C[C@@H]1CCCCN1CCC1CCN(C(=O)CC2(CN)CC2)CC1,-3.18
ZINC000367500473,O=C([C@H]1CC(=O)N(c2ccccc2Cl)C1)N1CCn2nccc21,-33.97
ZINC000269736815,CC(C)[C@@H](O)CC(=O)NC1CC(C)(c2ccccc2)C1,-28.34
ZINC000415175605,CC(C)N(C)c1cccc(NC(=O)N2CCC3(C2)CCNCC3)c1,-31.49
ZINC000262437519,C[C@H]1C[C@@H](C(=O)NCc2ccc(CN3CCN(C)CC3)cc2)CCN1,-14.72
ZINC000351701127,CC[C@@H](C)NS(=O)(=O)c1csc2ccccc21,-40.1
ZINC000354505857,COC(=O)[C@@H]1CC[C@@H]1C(=O)NC[C@H](C)c1nc(-c2ccccc2)no1,-28.96
ZINC000293780264,COC[C@@H]1CCN1C(=O)c1cccc(OCC(=O)OC)c1,-27.35
ZINC000297631754,O=C(OCc1cc(Br)cnc1Cl)[C@@H]1CC1(F)F,-39.51
ZINC000448795052,CCC[C@H]1CCC[C@H]1C(=O)N(C)Cc1cscn1,-25.34
ZINC000491139465,CC(C)(C)OC(=O)NCCC(=O)NS(=O)(=O)N1CCCC1,-48.39
ZINC000450648387,C[C@H](c1csnn1)N(C)CC1CCN(c2ccncc2)CC1,-31.85
ZINC000280666754,Cc1cccc(OCCCNC(=O)[C@H]2CC[C@H](C(N)=O)O2)c1C,-24.99
ZINC000341029193,CCNC(=O)c1cccc(CNC(=O)N[C@H]2CCN(C)[C@@H](C)C2)c1,-40.16
ZINC000544289720,CC(C)[C@@H](C)N(C(=O)NC[C@@H]1CCCCS1)C1CC1,-21.71
ZINC000497236195,C[C@@H]1OC(=O)N[C@@H]1C(=O)N1CCC[C@H](n2ccnn2)C1,-39.85
ZINC000530099930,CC[C@@H](NC(=O)[C@@H]1CCNC(=O)C1)c1cc(C)ccc1C,-36.98
ZINC000287755624,C[C@H]1CN(c2ccc(NC(=O)c3cccnc3F)cn2)C[C@H](C)O1,-29.14
ZINC000249881347,Cc1nn(C)c(N2CCOCC2)c1CN1CC[C@H](O)[C@@H](C)C1,-24.52
ZINC000371231168,Cc1cnc(N[C@@H]2CCCN(c3cccnn3)C2)nc1C,-34.57
ZINC000119027496,CSCC[C@@H](CO)NC(=O)c1ccc(F)cc1OC(F)F,-27.03
ZINC000248918012,CCN1CCO[C@@H](C(=O)N[C@@H](C(=O)OC)c2ccc(C)c(C)c2)C1,-23.86
ZINC000261550254,O=S(=O)(CCC1CC1)N1CC[C@H]2CNC[C@H]2C1,-16.77
ZINC000292371787,CC(C)(C)OC(=O)N1CC[C@H]2CN(Cc3ccno3)CC[C@H]21,-29.0
ZINC000328788683,O/C(=N/[C@@H]1c2ccccc2C[C@@H]1O)c1coc(C2CCOCC2)n1,-27.91
ZINC000113086251,C[C@H]([C@H](C)N(C)C(=O)c1cccc([N+](=O)[O-])c1)S(C)(=O)=O,-27.46
ZINC000356136052,Cc1ccc(Cc2noc([C@@H]3CC[C@H](C)O3)n2)cn1,-35.46
ZINC000415238732,COc1ccc2onc(CC(=O)N3C[C@H](C)CC[C@H]3C)c2c1,-32.71
ZINC000492794967,CC(C)(C)OC(=O)N1CC2(C[C@H]2C(=O)Nc2ccc3nn[nH]c3c2)C1,-40.96
ZINC000576003887,COc1ccc(-c2nn(C(C)(C)C)cc2C(=O)O)cn1,-59.72
ZINC000272245128,CCOc1cc2c(cc1NC(=O)[C@@H]1CCC[C@H]1C(=O)OC)O[C@H](C)C2,-35.06
ZINC000497170536,Cc1onc(CO)c1C(=O)NC[C@H](C)CNC(=O)OC(C)(C)C,-27.32
ZINC000336197623,COC(=O)[C@]1(C)CCN(C(=O)C2CC(C)(O)C2)C1,-28.42
ZINC000431060394,C[C@@H]1C[C@H](C)[C@@H](C)N(C(=O)NC[C@@H]2CCC(F)(F)C2)C1,-31.72
ZINC000370341653,CCCCN(C)C(=O)NCc1cccc(-c2nccn2C)c1,-33.18
ZINC000329452302,C/C(O)=N/C1(c2noc(C3=NN(C)C(=O)CC3)n2)CCCCC1,-31.6
ZINC000456521170,COc1cccc([C@@H]2C[C@H]2NC(=O)C[C@H]2CCC[C@H]2C)c1,-27.26
ZINC000245810815,CCN(Cc1ccccn1)[C@H](C)C(=O)NC[C@H]1CCCO1,-23.32
ZINC000361020912,CCCN(CCCC(=O)OC)[C@@H](C)c1ccccc1OC,-12.92
ZINC000362722168,CC(C)(c1ccccc1)[C@@H]1CCCN1C(=O)C1CCS(=O)(=O)CC1,-26.78
ZINC000158879711,CN(CC(C)(C)O)C(=O)Nc1ccc(-c2ccccc2)nn1,-32.96
ZINC000357723195,O=C(Nc1ccc(OCCO)cc1)c1cn([C@@H]2CCOC2)nn1,-38.42
ZINC000417543745,CCOc1ccccc1[C@@H](CC(C)C)NC(=O)Nc1nnn(C)c1C,-21.3
ZINC000182790162,CCOC(=O)c1cn(C)nc1NC(=O)NCCc1cccc(F)c1,-29.29
ZINC000340296495,CC(C)C[C@H](NC(=O)NCC1CCOCC1)C(=O)NCCN(C)C,-14.72
ZINC000537637036,COC(=O)[C@@H](c1ccccc1)N(C)C[C@H]1CC=CCC1,-19.94
ZINC000451482882,O=C(Nc1cccc(-c2noc(C(F)(F)F)n2)c1)[C@H](O)C1CCC1,-32.23
ZINC000153870139,Cc1nccn1CCCN(C)C(=O)CCCN1C(=O)CN(C)C1=O,-35.18
ZINC000035046060,COc1ccc(OC)c(CNc2cccc(CO)c2)c1,-36.0
ZINC000565849182,C[C@H](N[C@@H]1CSC[C@@H]1C)c1nnnn1C1CC1,-29.02
ZINC000290821810,O=C(c1nnc2ccccc2n1)N(CCO)CC(F)F,-40.48
ZINC000290286576,Cn1cc(C(=O)N2CC[C@H]3CN(C(=O)OC(C)(C)C)C[C@@H]3C2)nn1,-35.82
ZINC000414470804,COc1cccc(CN2CCO[C@H](CF)C2)c1OC(C)C,-28.66
ZINC000193105779,C[C@H](CNS(=O)(=O)c1cccc(C(=O)O)c1)N(C)c1ccccc1,-69.04
ZINC000077496545,Cc1cc(S(N)(=O)=O)cc(NC(=O)N[C@H]2CC=CCC2)c1C,-29.18
ZINC000154049220,CC[C@@H](C)N(C)CCNC(=O)c1ncn(-c2ccccc2)n1,-17.89
ZINC000178984305,CNC[C@@H]1CCN(C(=O)C(C)(C)Cc2ccccc2)C1,-30.12
ZINC000330563465,CC(=O)N1CCC[C@](O)(C(=O)NCCc2cc(F)ccc2F)C1,-41.61
ZINC000299376818,CC[C@H](OC)C(=O)Nc1cc(C)nn1Cc1ccccc1,-26.28
ZINC000456386451,C[C@H]1C[C@H](C(=O)NC2(Cc3ccc(F)cc3)CC2)CCC1=O,-32.89
ZINC000194050730,CC[C@@H](CNC(=O)Nc1ccncn1)Oc1ccccc1F,-37.38
ZINC000460009728,C[C@@H]1COCCN1C(=O)C(=O)N1CCC[C@]2(CC=CCC2)C1,-34.47
ZINC000262077461,Cn1cc(C(=O)N2CC[C@](F)(C(=O)O)C2)c(C2CCCCC2)n1,-60.46
ZINC000352012326,COc1ccc(C[C@H](C)C(=O)N2C[C@H](C)N(C)C[C@H]2C)cc1,-31.06
ZINC000370775382,CCC[C@H](N)C(=O)N1CCCN(C)c2cc(F)ccc21,-15.62
ZINC000121192328,CCC[C@](C)(O)C(=O)Nc1ccc(OC2CCCC2)cc1,-36.69
ZINC000288669136,O=C(NCC1=CCCOC1)N[C@@H]1CC[C@@H](c2ccc(F)cc2)C1,-36.16
ZINC000332658203,CC(C)(CCNC(=O)N1CC(=O)N[C@H]2CCCC[C@H]21)C(=O)O,-29.3
ZINC000272172076,C[C@@H](CCO)CNS(=O)(=O)c1ccc2c(c1)OCO2,-31.78
ZINC000567959195,CC(C)(CNC(=O)N=c1[nH]nc2ccccn21)c1ccc(Cl)cc1,-67.61
ZINC000360543813,CC(C)[C@H](NC(=O)COc1ccc([N+](=O)[O-])c2cccnc12)C(N)=O,-27.89
ZINC000359005362,CNC(=O)c1cccc(-c2nc(-c3cnc(COC)nc3N)no2)c1,-45.44
ZINC000358835661,CN(CCC1CCOCC1)C(=O)[C@@H](CN)c1ccc(F)cc1,-15.69
ZINC000024594371,Cc1cccc(/C=C/C(=O)Nc2cc(S(C)(=O)=O)ccc2F)c1,-31.53
ZINC000421724419,COC1([C@H](C)NC(=O)[C@@H]2CCCC(F)(F)C2)CCOCC1,-22.36
ZINC000174460389,CN(C)C(=O)CC(=O)Nc1cccc(S(C)(=O)=O)c1,-34.06
ZINC000335367458,COc1c(Cl)cccc1NC(=O)N[C@H]1CO[C@@H](C)C1,-34.52
ZINC000281173881,O=C([C@@H]1C[C@H]1c1ccc(OC(F)(F)F)cc1)N1CCC1,-42.69
ZINC000344345508,CCCN(Cc1ccc(F)cc1)Cc1nc(O)cc(CC)n1,-33.74
ZINC000282375723,C[C@@H]1CN(C(=O)C[C@@H]2C=CCCC2)CC(=O)N1C,-29.56
ZINC000353152182,COC(=O)C(C)(C)N(C)Cc1ccc2c(c1)nnn2C,-26.75
ZINC000274710601,O=S(=O)(c1cccnc1)N1CCC(c2nnc3n2CCCC3)CC1,-37.1
ZINC000117813472,CCC(CC)N1C[C@@H](C(=O)NCCn2cc(C)cn2)CC1=O,-32.97
ZINC000455276216,CC(C)=CCC[C@H](C)NC(=O)N1CC[C@H](O)C[C@@H]1C,-20.32
ZINC000005443799,Cc1ccc(S(=O)(=O)N(C)C)cc1NC(=O)c1cccc(F)c1,-43.36
ZINC000281638142,CCOC(=O)c1ccc(NC(=O)c2cn(C(C)C)cn2)cc1,-38.13
ZINC000264541378,CNC(=O)CN(C)C(=O)CCCCCc1cccs1,-31.42
ZINC000182211828,CCOc1ccc(CCN[C@@H]2CCCS(=O)(=O)C2)cc1OCC,-15.92
ZINC000562538893,C=CCCCCSc1nc(CC)cc2nncn21,-39.54
ZINC000304434095,Cc1sc(-c2ccco2)nc1C(=O)NCC(C)(C)C[C@H](C)O,-23.19
ZINC000436381240,CCOc1cccc(CCNC(=O)N[C@@H]2CC[C@@H](C)C2)c1,-33.5
ZINC000332874591,O=C(N[C@@H]1CCCS(=O)(=O)C1)[C@@H]1CCc2ccccc21,-31.45
ZINC000427897366,N#CCCNC(=O)C(=O)Nc1ccc(N2CCCC2=O)cc1,-42.99
ZINC000376844313,Cc1cc(=O)c(C(=O)N2CC[C@H]3[C@@H](C(F)(F)F)[C@H]32)cn1C1CC1,-43.99
ZINC000422111410,CNC(=O)[C@H]1CCN(C(=O)C(=O)N(C)CCOc2ccccc2)C1,-43.02
ZINC000341588920,CO[C@H](c1ccccc1Cl)[C@@H](C)NC(=O)NCCC1(O)CCC1,-28.36
ZINC000245509044,CC(C)CC(=O)N1CCC(NC(=O)N[C@H]2CC[C@H](O)CC2)CC1,-37.75
ZINC000528561990,CC(C)c1cccc(S(=O)(=O)NCC2CC(O)C2)c1,-29.67
ZINC000492665583,COc1ccccc1/C=C\C(=O)NCc1nnc(C2CC2)o1,-42.24
ZINC000369422580,O=C(c1ccc(F)cc1Br)N1CC[C@@H](n2cncn2)C1,-35.31
ZINC000250008588,CN(CCOCC1CC1)C(=O)[C@@H]1C[C@H]2CCCC[C@H]2N1,-16.46
ZINC000171356066,Cc1noc(C)c1CNC(=O)N[C@H]1CCCC[C@@H]1O,-35.54
ZINC000074853994,C[C@@H](NC(=O)N(C)Cc1nc(C(F)(F)F)cs1)[C@@H]1CCCO1,-24.1
ZINC000452509065,C[C@H](CCCCO)NC(=O)[C@H]1C[C@@H]1c1ccc2c(c1)OCCO2,-30.09
ZINC000353131637,NC(=O)C(=O)Nc1cccc(COCC(F)(F)C(F)F)c1,-31.7
ZINC000368662612,CCc1nc([C@H]2CCCN2C(=O)c2cccc(-n3ccnc3)c2)no1,-42.59
ZINC000450782079,CCC(=O)CCCN1CCN(CC)C(=O)[C@H]1CC,-28.58
ZINC000286192625,CN1CC[C@H]2[C@@H](CCCN2c2ccnc3cc(F)cnc32)C1,-19.4
ZINC000429890855,COc1ccc(CNS(=O)(=O)c2c(Cl)cnn2C)nc1,-36.09
ZINC000579065038,C=CCN(CC1CCCCC1)C(=O)Nc1cn(C)nn1,-49.17
ZINC000346505959,CC(=O)N=c1cc[nH]cc1NC(=O)Cn1nc(C)c(Cl)c1C,-29.75
ZINC000571523258,C[C@H](N)C[C@H](C)NC(=O)C(=O)N1C[C@H](c2ccccc2)C[C@@H]1C,-26.36
ZINC000424713669,O=C(CCc1cccc(OC(F)F)c1)N[C@H]1CC(=O)N(C2CC2)C1,-31.93
ZINC000458563101,C[C@@H](O)[C@@H](CO)NC(=O)N[C@@H](Cc1ccccc1)C(F)(F)F,-23.64
ZINC000458563104,CC[C@H](NC(=O)NCc1ncoc1-c1ccccc1)[C@H](O)C(F)F,-24.98
ZINC000191144403,CCCCOc1ccc(CNc2nc3ncccn3n2)cc1OC,-45.18
ZINC000348174751,C[C@@H](NCc1cc(=O)c(O)co1)c1nc(C(C)(C)C)cs1,-35.09
ZINC000272629299,C=CCNC(=O)CN1CC[C@@H](COc2ccccc2)C1,-31.99
ZINC000359419884,CCCC[C@H](C)N(CCCC)C(=O)[C@H]1CCC(=O)NC1,-32.73
ZINC000280283292,COC(=O)Cc1nnc(NC(=O)[C@H]2CCc3cc(C)ccc3O2)[nH]1,-32.57
ZINC000268647024,CCN(CC)CCC[C@H](C)NC(=O)c1ccn(C)c1,-10.65
ZINC000414755627,CCOC(=O)c1csc(C2CCN(CCNC(C)(C)C)CC2)n1,-21.46
ZINC000340717059,CCOC(=O)C[C@H](C)CNC(=O)N1CCNC(=O)[C@@H]1C(C)C,-29.56
ZINC000538554078,CCOCc1ccc(N[C@@H]2C[C@@H](C)N(C)C[C@@H]2C)cc1,-21.91
ZINC000538554075,CCOCc1ccc(N[C@@H]2C[C@@H](C)N(C)C[C@H]2C)cc1,-21.23
ZINC000280223910,O=C(COC1CCCC1)N(CCCO)Cc1ccccn1,-28.05
ZINC000344428404,O=C(Nc1ccc2ncccc2c1)C(=O)N1C[C@@H]2CC[C@H](O)[C@H]2C1,-30.79
ZINC000282297970,FC(F)(F)COc1cnccc1CNC[C@@H]1CC=CCC1,-13.54
ZINC000528048346,CC(C)[C@H]1CNCCN1S(=O)(=O)C[C@H]1CCCC1(F)F,-27.86
ZINC000563228680,CCc1ocnc1C(=O)N[C@@H]1CCN(S(C)(=O)=O)C1,-37.16
ZINC000493632046,COC(=O)C[C@H](C)C(=O)N1CCC(N(C)C(=O)OC(C)(C)C)CC1,-42.65
ZINC000272288524,CN1CC[C@H]2CCN(Cc3cnc(Cl)s3)[C@H]2C1,-19.83
ZINC000295702723,C=CCC(CC=C)C(=O)N1CCC[C@@H](OC(=O)N(C)C)C1,-29.45
ZINC000036098620,C=CCOC[C@H](O)CN(CCN1CCOCC1)Cc1cccc(C)c1,-18.1
ZINC000494030858,CC(C)(C)OC(=O)N[C@H](CNC(=O)N[C@@H]1CC[S@@](=O)C1)C1CC1,-30.23
ZINC000353340990,C[C@@H]1CN(C(=O)Nc2cc(F)cc([N+](=O)[O-])c2)C[C@@H](C)S1(=O)=O,-41.39
ZINC000357025356,CC(C)[C@@H](Oc1ccc(F)cc1Br)C(=O)N(C)C,-32.18
ZINC000351787575,COC[C@H](NC(=O)CCC(=O)c1ccc(C)cc1)C(=O)OC,-24.44
ZINC000425997953,CCC[C@@]1(CO)CCCN1C(=O)NCC(CC)(CC)OC,-23.43
ZINC000347400054,CC(=O)C[C@H](C)NC(=O)[C@H](C)Sc1ccccc1,-30.96
ZINC000268959378,COc1ccc(OCC(=O)N[C@@H]2CCCc3c2cnn3C)cc1C,-25.88
ZINC000097050319,N#Cc1ncn(CCOc2cccc([N+](=O)[O-])c2)c1C#N,-39.92
ZINC000451265246,Cc1cccc2c1CC(C)(C)N(CCN1CCOCC1)C2,-11.53
ZINC000518103371,CC[C@](C)(CNC(=O)Nc1cccc2c1CCN2C(C)=O)OC,-38.75
ZINC000429131948,C[C@H]1CC[C@@H](NC(=O)NCCN(C)CC(F)(F)F)C1,-27.06
ZINC000496553295,C[C@@H]1CCN(C(=O)OC(C)(C)C)[C@H](C(=O)N[C@H]2CCCOC2)C1,-18.69
ZINC000359302472,O=C(NCCn1cccn1)NCc1ccnc(OC2CCOCC2)c1,-31.99
ZINC000128309481,Cn1cnc(-c2cccc(NC(=O)c3cnn(C)c3-n3cccc3)c2)n1,-41.3
ZINC000299053870,COC(=O)[C@H]1CCN(C(=O)CCc2ncc(-c3ccccc3)o2)C1,-35.78
ZINC000422291989,CC[C@H](NC(=O)C(=O)N1CCC[C@H](COC)CC1)C(C)(C)C,-26.25
ZINC000425266954,CN1CC[C@@H](CNc2cc(C(F)(F)F)cnc2C#N)CC1=O,-34.15
ZINC000127046465,O=C(CNc1ccccc1[N+](=O)[O-])N[C@@H]1CCC[C@H]2OCC[C@@H]21,-26.58
ZINC000582230853,Cc1nn(-c2cccc(F)c2)cc1-c1nc(C(C)C)no1,-38.97
ZINC000342307259,CN(C(=O)NCCN1CCc2ccccc2C1=O)[C@@H]1CCOC1,-34.15
ZINC000458624164,O=C(N[C@@H]1CCCOCC1)N1CCC[C@H]1c1ccc(F)cc1F,-25.8
ZINC000357334115,CC[C@H](C(=O)Nc1ccc(O)c(S(=O)(=O)NC)c1)C(=O)OC,-66.23
ZINC000414849698,CCCNC(=O)c1cccc(NC(=O)N[C@@H]2CNCC[C@@H]2C)c1,-20.56
ZINC000367609054,COCCc1nc2cc(N[C@@H]3CCN(C)[C@@H]4CCC[C@H]43)ccc2o1,-19.94
ZINC000339043534,CC[C@@H](COC)NS(=O)(=O)c1cnc(C)s1,-35.08
ZINC000366922912,Cc1[nH]c2ccccc2c1C1=CCN(Cc2ncnn2CCF)CC1,-14.53
ZINC000268479015,Cc1cc(-c2noc([C@@H](C)NC(=O)N3CCC[C@@H](O)C3)n2)ccc1F,-29.11
ZINC000419072160,CC[C@@H]1CCCCN1CCNC(=O)C(=O)NCCCCN,-22.69
ZINC000063187982,O=C(Nc1ccc2c(c1)CCN2)c1ccc2c(c1)CCC2,-33.08
ZINC000289775382,Cc1ccc(S(=O)(=O)NCCNC(=O)c2cncn2C)s1,-40.55
ZINC000527797455,Cc1nn(C)c(C)c1CNC(=O)N[C@H]1[C@@H](C)[C@@H](C)O[C@H]1C,-36.12
ZINC000443039894,CO[C@@H](C)CNC(=O)C(C)(C)CCCc1ccccc1,-27.18
ZINC000270554010,COC(=O)[C@@H](c1cccc(Cl)c1)N1CCCSCC1,-29.27
ZINC000455374526,COC(=O)c1cc(OC)ccc1NC(=O)C1=CC[C@H](C)CC1,-25.68
ZINC000074826112,CCc1ccc(O)c(NC(=O)CNC(=O)c2ccc(F)cc2F)c1,-33.14
ZINC000275086592,C[C@@H](C(=O)O)N(Cc1cccnc1)S(=O)(=O)C[C@@H]1CCOC1,-34.43
ZINC000302756136,C[C@@H](O)C[C@@H](CNc1ccc([N+](=O)[O-])c(C#N)n1)c1ccccc1,-35.07
ZINC000161071470,CC(C)(C)[C@@H](NC(=O)C1(NC(N)=O)CC1)c1ccccc1,-33.53
ZINC000133843601,C[C@@H]1CO[C@@H](C)CN1C(=O)C(=O)Nc1ccccc1-c1ccccc1,-33.83
ZINC000286243363,Cc1nc(-c2cccc(C(=O)N[C@@H]3[C@H](C)CCN[C@H]3C)c2)cs1,-28.33
ZINC000348380727,COc1cccc(N[C@H](C)c2cccc(-n3ccnn3)c2)c1,-28.69
ZINC000161013697,CCC(=O)Nc1ccc(S(=O)(=O)NC2(C)CCOCC2)cc1,-42.57
ZINC000342825975,COc1cc(C)ccc1CNC(=O)c1cnc(-c2ccccc2)[nH]1,-31.58
ZINC000413534129,COc1cc2c(cc1F)CC[C@@H]2NC(=O)N1CCCO[C@H](CF)C1,-22.92
ZINC000279887994,C[C@H]1OCC[C@@]12CN(C(=O)c1ccc3c(c1)OCC(=O)N3)CCO2,-32.6
ZINC000565157685,C[C@H](c1nccc(=N)[nH]1)N1CC[C@@H](NC(=O)NC2CC2)C1,-33.05
ZINC000293669731,Cc1ccc2nc(C(=O)N3CC[C@H](CO)C[C@@H]3C)ccc2c1,-35.54
ZINC000448912376,CC[C@@H]1C[C@H]1C(=O)N1CCC(COc2ccccc2)CC1,-33.73
ZINC000351159834,COC(=O)c1ccc(CNC(=O)c2cn([C@@H]3CCOC3)nn2)nc1,-44.16
ZINC000421189433,Cc1cc(=NC(=O)NCCCCF)[nH]n1C(C)C,-32.27
ZINC000346504940,CC(C)c1scnc1NC(=O)[C@@H]1C[C@H]1C(F)F,-36.4
ZINC000004077174,COc1ccc(-n2nc3c(c2NC(=O)C(C)C)CSC3)cc1,-34.63
ZINC000262722568,Cc1nn(C)c(C)c1CCCNC(=O)Cc1ccccc1C(=O)O,-35.59
ZINC000412728994,CN(C)c1cccc(CCC(=O)N[C@H](CO)[C@H]2CCCOC2)c1,-29.33
ZINC000362059348,CNC(=O)C[C@H](NC(=O)c1csc(C2CC2)n1)c1ccccc1,-35.8
ZINC000278647216,CC(C)N(CCO)C(=O)Nc1cc([C@H]2CCCO2)nn1C,-27.84
ZINC000154550551,CC[C@@H](NC[C@@H]1CCCN1C)c1ccc2c(c1)OCCO2,-10.77
ZINC000398506095,CC[C@@H]1CN(C(=O)c2cccc(C)c2O)C[C@@H](CC)O1,-36.24
ZINC000021599931,CCc1ccc(Cn2nccc2NC(=O)[C@H]2CCS(=O)(=O)C2)cc1,-30.25
ZINC000250623246,CCOc1ccc(-c2noc(CN3CCS[C@H](C)[C@H]3C)n2)cc1,-32.45
ZINC000453616863,Cc1cc(Br)c(CN2CC[C@@H](C)[C@@H]2CO)s1,-27.6
ZINC000417221148,CN[C@@H]1CCCN(C(=O)N[C@@H]2CCN([C@@H](C)c3ccccc3)C2)C1,-12.78
ZINC000188578047,C[C@@H]1CC[C@H](CN2CCSC[C@@H]2c2ccccc2)O1,-10.66
ZINC000420440646,CCN(CC1CC1)S(=O)(=O)N[C@H]1CNCC[C@H]1C,-14.98
ZINC000546708069,COc1cc(C#N)ccc1NC(=O)NCc1nccn1C,-42.72
ZINC000174869564,COc1ccccc1O[C@H](C)CNC(=O)N[C@H](C)c1cccc(O)c1,-26.99
ZINC000279697093,C[C@H](NC(=O)N[C@@H](C)[C@H]1CCCO1)c1ccc(Br)cn1,-27.27
ZINC000343292400,CNS(=O)(=O)c1ccc(N(C)[C@H]2CCC[C@@H]2O)nc1,-29.76
ZINC000354604227,COC[C@@H](C(N)=O)N(C)C(=O)c1cn(Cc2cccs2)nn1,-23.75
ZINC000345441204,CN(C[C@@H]1CC=CCC1)C(=O)c1cccc(Nc2cnccn2)c1,-41.45
ZINC000344078775,C[C@H]1CN(C(=O)[C@@H]2CCC(=O)[C@H](C)C2)C[C@H]1N1CCOCC1,-24.3
ZINC000153736704,CCOc1ccc(CN(C)C(=O)CN2CC[C@@]3(CCOC3)C2)cc1,-22.06
ZINC000281837334,Cc1ccc(C(=O)N[C@@H](C)C(=O)NCCF)cc1Br,-25.57
ZINC000338167988,COC(=O)[C@H]1CN(C(=O)CN2C(=O)CCc3ccccc32)C[C@@H](C)O1,-31.05
ZINC000360684431,c1ccc2c(c1)CO[C@]21CCCN(C2CCOCC2)C1,-6.89
ZINC000433379872,CN(C)[C@@H](CC(=O)NC(C)(C)CO)c1ccccc1,-6.29
ZINC000069738855,C[C@@H](NC(=O)NCc1ccccc1[N+](=O)[O-])C(=O)N1CCCC[C@@H]1C,-35.86
ZINC000495152927,COc1ccccc1NC(=O)N1CCC2(COC(=O)N2)CC1,-36.76
ZINC000492072873,CNC(=O)[C@@H](C)NC(=O)/C=C/c1ccc([C@@H]2C[C@@H]2C)o1,-28.46
ZINC000247958797,c1cc2n(n1)[C@@H](CCOCC1CCC1)CN(Cc1ccoc1)C2,-37.46
ZINC000340720878,CC(C)Cn1ncc(NC(=O)C(=O)NC[C@@H]2CCCO2)c1C(F)F,-33.73
ZINC000336344515,Cc1cc(C(=O)N2C[C@H](C)C[C@@H]2C)ccc1[N+](=O)[O-],-39.48
ZINC000046031415,COCc1ccccc1NC(=O)N(C)CC(=O)Nc1ccccc1,-31.66
ZINC000496088117,COC(=O)N[C@H](C(=O)NC[C@@H]1CCO[C@H](C(C)C)C1)C(C)C,-32.74
ZINC000283581577,C[C@H](CNC(=O)N[C@H](C)c1nncn1C)N(C)C(=O)OC(C)(C)C,-40.98
ZINC000571870976,O=C(c1cccc(-n2ccnn2)c1)N1CCC[C@@H]1[C@H]1CCC[C@@H]1O,-38.11
ZINC000563692964,O=C(N=c1cc[nH]cc1F)c1ccc(S(=O)(=O)C2CCC2)cc1,-40.42
ZINC000032212792,CSc1ccc([N+](=O)[O-])c(C(=O)NCC(=O)N(C)C)c1,-37.04
ZINC000419365361,CSC[C@H](C)NC(=O)C(=O)N[C@H]1CCC[C@H](N)C1,-13.85
ZINC000361364391,CCOc1ccccc1CNC(=O)c1cccc2cc[nH]c21,-33.58
ZINC000371739567,COCCS(=O)(=O)N[C@H]1CCCN(c2ccc(F)cc2C)C1=O,-25.64
ZINC000492426505,CCn1cnnc1[C@@H]1CCCN(C(=O)/C=C/c2ccc(C)cn2)C1,-30.47
ZINC000351873352,Cc1n[nH]cc1CNC(=O)c1cc2ccccc2c(=O)o1,-40.71
ZINC000558430932,COCC1(NC(=O)c2cc(-c3cccc(OC)c3)[nH]n2)CCOCC1,-36.01
ZINC000264058021,Cc1cc(C)cc(N/C(N)=N/CCNC(=O)C(C)C)c1,-11.68
ZINC000291714065,C[C@@H](Cn1cccn1)NC(=O)N1CCN(c2cccc(F)c2)C[C@@H]1C,-37.13
ZINC000355900711,CCc1nsc(N2CCN([C@H](C)CC(C)C)CC2)n1,-34.3
ZINC000129575821,CN(C)C(=O)[C@@H]1CCCN1C(=O)c1cnsn1,-33.22
ZINC000446654913,CC(C)[C@@H](CC(F)(F)F)NC(=O)N[C@H]1CCCc2c[nH]nc21,-21.18
ZINC000378066167,O=C(NCCCOCC1CC1)N1CC[C@]2(C1)CCc1ccccc1O2,-29.51
ZINC000158207870,CO[C@@H]1CC[C@H]2OCCN(CCCCC#N)[C@@H]2C1,-10.66
ZINC000186074978,COC(=O)c1ccc(C(=O)N(C)C[C@@H](O)C(F)(F)F)o1,-35.39
ZINC000095521446,Cc1nc(N(C)C)ncc1C(=O)N[C@@H](Cc1ccc(F)cc1)C(=O)O,-66.49
ZINC000531569807,CN(Cc1ccc(Cl)s1)C(=O)C[S@@](=O)Cc1cncn1C,-40.3
ZINC000459359631,CCOC(=O)c1noc(CN2CC[C@@H](C)C[C@H]2c2ccc(CC)o2)n1,-22.72
ZINC000344374806,COc1cc(CNC(=O)[C@@](C)(O)Cn2ccccc2=O)ccc1C,-50.52
ZINC000577837560,C[C@@H]1C[C@@H](CNC(=O)NCc2ccn(C3CCCC3)n2)[C@@H](C)O1,-38.4
ZINC000335760353,COC1(C(=O)N2CCc3cccc(C)c3C2)CCCC1,-39.89
ZINC000408278298,C[C@@H]1CN(C(=O)CN2CCOCC2)C[C@@H](CO)O1,-21.45
ZINC000185067294,Cc1noc([C@H]2COCCN2CC(=O)N(c2ccccc2)C(C)C)n1,-25.54
ZINC000368284150,CCc1ccccc1NC(=O)[C@@H]1C[C@]12CCO[C@@H](C)C2,-27.78
ZINC000423617406,COC(=O)[C@H]1CN(C(=O)C(=O)N2C[C@@H]3CC[C@@H](N)[C@@H]3C2)C[C@@H]1C1CC1,-20.0
ZINC000329641800,CSc1ncc(OC/C(O)=N/C2CCCCCC2)cn1,-42.34
ZINC000341791442,CN(C(=O)CCc1ccnn1C)[C@@H]1CCC[C@@H]1O,-28.58
ZINC000378500596,CO[C@@H]1[C@H](C)[C@@H](NC(=O)CCc2nc(-c3ccco3)no2)C12CCC2,-30.93
ZINC000346827947,COC(=O)[C@]1(C)CCN([C@H]2CC(=O)N([C@@H](C)c3cccnc3)C2=O)C1,-37.38
ZINC000126850045,C[C@@H](CNCc1csc(-c2ccccc2)n1)Cn1ccnc1,-21.49
ZINC000451836936,CCO[C@@H]1CCN(S(=O)(=O)c2ccc(Cl)c(C#N)c2)C[C@@H]1C,-38.39
ZINC000348958473,O=C(NCc1ccc(Oc2ccc(F)cc2)nc1)c1csc(O)n1,-35.77
ZINC000110987412,CNC(=O)[C@H]1CCCN(C(=O)CCOc2cccc(C)c2)C1,-38.5
ZINC000175524438,CC(=O)N1CC[C@@H](C(=O)Nc2ccc(OC(C)C)c(Cl)c2)C1,-36.91
ZINC000296598560,C[C@H]1CN(C(=O)C(=O)N[C@H]2CC[C@@H](CC#N)C2)c2ccccc2O1,-29.65
ZINC000361061014,O=C(NC[C@H](CO)Cc1ccc(F)c(F)c1)c1ccc2cc[nH]c2n1,-29.42
ZINC000191366652,Cn1ccnc1-c1cccc(NC(=O)CC2OCCCO2)c1,-45.22
ZINC000280617088,O=[N+]([O-])c1ccc(NCC2CCN(c3ccccc3)CC2)nc1,-44.52
ZINC000280617082,CNC(=O)CCN(C)C(=O)/C=C/Sc1cc(F)ccc1F,-35.0
ZINC000281057606,C[C@@H]1CC(CNC(=O)c2cccc(-n3cccn3)n2)C[C@@H](C)O1,-32.1
ZINC000344944413,COC(=O)[C@@H]1CNC(=O)CN1C(=O)CCCc1ccc(Cl)cc1,-29.1
ZINC000354409888,COC(=O)C(C)(C)CCNCCc1cc2ccccc2o1,-17.18
ZINC000453227987,C[C@@H](Cc1cnccn1)NC[C@@](C)(O)C1CCCCC1,-17.27
ZINC000278458043,C[C@H]1COCC[C@H]1NC(=O)c1cc2cc(Cl)ccc2o1,-27.12
ZINC000269691246,Cc1ccc(NCCCNC(=O)c2cccc(N)n2)c([N+](=O)[O-])c1,-37.37
ZINC000517539416,CN1CCC[C@H](CNC(=O)N2CCC[C@@H](N)C2)[C@@H]1c1cccs1,-18.63
ZINC000187250120,CS(=O)(=O)N1CC(CNC(=O)c2ccc(F)cn2)C1,-34.72
ZINC000078264502,O=C1N[C@H](Cc2ccccc2)C(=O)N1Cc1nccn1C(F)F,-36.61
ZINC000174845724,CC(C)(O)CNC(=O)[C@H]1C[C@@H]2CCCC[C@@H]2N1C(=O)c1ccccc1,-15.63
ZINC000171885203,C[C@H](CNC(=O)OC(C)(C)C)N(C)C(=O)[C@H](C)c1ccccc1F,-24.96
ZINC000488558605,COc1cc(C)cnc1C(=O)NC[C@@H](c1cccs1)N1CCCC1,-24.61
ZINC000520397877,N#Cc1cccc(F)c1CC(=O)NC[C@@H]1C[C@H]1C1CCC1,-39.41
ZINC000372722413,Cc1cc(C)n(CC2CCN(C(=O)c3ncoc3C)CC2)n1,-40.11
ZINC000275588026,COCCOCCCNC(=O)Nc1ccsc1Cl,-28.77
ZINC000357978037,CSc1cc(CNC(=O)CNc2cccc(F)c2)ccn1,-37.53
ZINC000423827873,O=C(N[C@@H]1CCC[C@H]1c1ccccc1C(F)(F)F)[C@]12C[C@H]1CCN2,-24.32
ZINC000229543078,c1cc2n(n1)C[C@@H](CN[C@@H]1CCCN(Cc3ccccc3)C1)CN2,-17.95
ZINC000186681870,Cc1ccc(-c2cc(CN3CCC(N(C)CC(=O)O)CC3)on2)cc1,-42.32
ZINC000157917123,CN(Cc1cc(Cl)cn1C)C(=O)[C@]1(O)CCSC1,-28.97
ZINC000349470799,COC1CCC(C)(CNC(=O)N[C@@H]2CC(=O)N([C@@H]3C[C@H]3C)C2)CC1,-26.02
ZINC000265702834,CCc1ccc([C@@H](C)CC(=O)NCc2nnc[nH]2)cc1,-37.98
ZINC000271630295,C=CCCCN[C@@H](C)c1ccc(OCCOC)c(OC)c1,-14.69
ZINC000551671788,CNC(=O)c1cccc(CCC(=O)N2CC[C@H]3OCCN(C)[C@@H]3C2)c1,-34.27
ZINC000279287877,C[C@H](C(=O)N1CCc2sccc2C1)n1ccc2ccccc2c1=O,-30.36
ZINC000459980930,Cc1ccc([C@]2(C)CCN(C(=O)C(=O)N3C[C@H](C)OC[C@H]3C)C2)cc1,-26.49
ZINC000341498671,COC(=O)[C@@H]1C[C@@H]1C(=O)N1CC[C@H](c2ccccc2)[C@H](CO)C1,-29.29
ZINC000453584428,CCc1ccc(NC(=O)C(=O)N(C)Cc2ccccc2F)cc1OC,-36.94
ZINC000281101421,COC(=O)[C@@H](C)N(C)C(=O)Cn1cc(-c2ccccc2)c(C)n1,-40.58
ZINC000569971352,N#Cc1cc(=O)n(CC(=O)N2CCC[C@@H]3CCCC[C@@H]32)cn1,-34.38
ZINC000569971357,C[C@@H](CCCN)NC(=O)c1csc([C@H]2CCCO2)n1,-28.39
ZINC000496340449,CC(C)(C)OC(=O)N[C@H](C=NOC1CCOCC1)CC(F)F,-27.56
ZINC000366759524,N#Cc1ccc(CN2CC[C@H]3OCC(=O)N[C@H]3C2)cc1F,-29.88
ZINC000096192254,COc1ccc(CNC(=O)[C@@H]2CC(=O)N(c3cnn(C)c3)C2)cc1,-34.46
ZINC000492206216,CCn1nccc1/C=C\C(=O)Nc1ccc2oc(CCOC)nc2c1,-42.17
ZINC000574156390,CN(C(=O)CCCc1nc2ccccc2[nH]1)[C@H]1CCNC1,-32.21
ZINC000270061563,O=C(NC[C@]1(O)CCOC1)[C@@H]1C[C@@H]1c1c(F)cccc1Cl,-43.38
ZINC000355749086,CCc1ccccc1N1C[C@@H](C(=O)N[C@@H](CCOC)COC)CC1=O,-25.45
ZINC000355749080,COCC[C@@H](COC)NC(=O)c1cc(C(C)(C)C)on1,-17.97
ZINC000362606236,CCOC(=O)[C@@H](NC(=O)CCC(=O)N(CC)CC)c1ccccc1,-33.93
ZINC000096240757,CC(C)NC(=O)[C@@H]1CN(C(=O)Cc2ccccc2)CC12CCOCC2,-31.69
ZINC000023125795,Cc1ccc(S(=O)(=O)Cc2nc(-c3ccccc3)no2)cc1,-35.12
ZINC000276176224,CCO[C@H]1C[C@H](NC(=O)c2c(C)ccn2C)C12CCOCC2,-27.89
ZINC000275777301,CCNC(=O)[C@@H](C)N[C@H](c1ncc[nH]1)c1ccccc1,-27.18
ZINC000297143472,C[C@@H](NC(=O)CC1CCCCC1)C(=O)N(C)[C@H](CO)c1ccccc1,-33.07
ZINC000065256712,O=C(NCCn1c(=O)[nH]c2cncnc21)c1ccc(Cl)s1,-40.16
ZINC000276857131,CCn1nccc1N1CCC[C@@H](NC(=O)N[C@H]2CC(=O)N(C)C2)C1=O,-30.11
ZINC000346841067,Cn1nccc1[C@@H]1OCC[C@H]1NC(=O)N1CCC[C@H]1c1ccncc1,-35.02
ZINC000270039245,C[C@@H](O)CCNC(=O)c1cc(S(C)(=O)=O)ccc1F,-27.51
ZINC000354449708,C=C[C@](C)(O)CC(=O)N[C@@H]1CCCN(c2ccc(C)nn2)C1,-30.58
ZINC000357962308,C=CCCOCCNC(=O)c1cc(OC)c(C(C)C)c(OC)c1,-25.03
ZINC000576680076,Cc1ncc(NC(=O)CCc2nc(C(C)(C)C)no2)c(C2CC2)n1,-37.83
ZINC000355517935,CCn1nccc1CN(CCO)CC[C@@H]1CCOC1,-25.71
ZINC000105819727,CCOc1ccnc(N2CCN(C(=O)c3ccccn3)CC2)n1,-24.58
ZINC000496524293,CC(C)[C@@H](C(=O)NCCC1(O)CCC1)[C@H](C)NC(=O)OC(C)(C)C,-28.51
ZINC000435243136,CC(C)(C)CNC(=O)c1ccc(C(=O)N(C2CC2)[C@H]2CCNC2)cc1,-24.93
ZINC000565432483,N[C@@H]1C[C@H]2CN(C(=O)NCC3Cc4ccccc4C3)CCN2C1=O,-27.38
ZINC000157359571,CN(CC(=O)Nc1nccs1)Cc1cccnc1,-37.31
ZINC000096919802,O=C1Nc2ccccc2/C1=C/c1cnn(Cc2ccccc2)c1,-39.64
ZINC000418299768,CC(C)[C@]1(C)C[C@H]1NC(=O)N(CCCN)CC1CCCC1,-17.24
ZINC000347651538,CC(C)[C@H](Sc1ccccc1)C(=O)N1C[C@H]2CN(C)C[C@@H]2C1,-21.37
ZINC000361539033,O=C(N[C@@H]1CC[C@@H](c2ccccc2F)C1)N[C@@H]1CCN(C2CC2)C1,-31.55
ZINC000031214877,CCOC(=O)NCCC(=O)NCCc1ccccc1C,-40.66
ZINC000413124410,CCn1ccc(CNC(=O)NC[C@H]2CCN(CC(F)(F)F)C2)n1,-34.96
ZINC000554043071,CCOCCO[C@H]1CCN(C(=O)N[C@H]2CC[C@H](F)C2)C1,-27.55
ZINC000152770545,C[C@H](O)C[C@@H]1COCCN1C(=O)c1cccc(C[S@](C)=O)c1,-30.15
ZINC000176495599,COc1csc(C(=O)Nc2ccccc2C(=O)N2CCCC2)c1,-31.71
ZINC000521979986,CCN1CCC(CNC(=O)c2cc(CC(C)C)c[nH]2)CC1,-22.32
ZINC000267003802,CNC(=O)CC1CCN(C(=O)C(=O)Nc2cc(C)ccc2OC)CC1,-34.84
ZINC000527123925,CC(C)c1ccc(C(=O)N2CC(n3ccnc3)C2)cc1[N+](=O)[O-],-46.57
ZINC000355057384,COC[C@@H](C)CNC(=O)C(=O)N1CCC[C@@H](c2nccs2)C1,-29.61
ZINC000365633849,Cc1cnn([C@H]2CCN(C(=O)c3cccc(-n4cccc4)c3)C2)c1,-33.91
ZINC000263147652,COC[C@H](NC(=O)C(C)(C)c1ccc(OC)c(OC)c1)C(=O)O,-43.25
ZINC000433150638,CC(C)OC[C@H](CO)N(C)CCOc1cccc(C#N)c1,-25.38
ZINC000416857322,C[C@@H](NC(=O)NC[C@@H](N)C1CC1)c1cc2ccccc2o1,-19.01
ZINC000046133049,CCCOc1ccc(NC(=O)[C@@H]2CC(=O)N(CC)C2)cc1OCCC,-37.21
ZINC000516288482,Cn1c(CO)cnc1S[C@@H]1CCN(C(C)(C)C)C1=O,-28.23
ZINC000056915758,Cc1cc(Br)ccc1C(=O)Nc1cnn(C)c1,-33.57
ZINC000160305397,COc1ccc(CN(C)c2nc(C)ccc2C#N)c(OC)c1,-38.77
ZINC000163056311,COc1ccc(NC(=O)N[C@@H]2CCCN(CC(F)(F)F)C2=O)cn1,-34.13
ZINC000378291116,CS(=O)(=O)N1CC[C@H](CNC(=O)N2CCCC23CCCCC3)C1,-33.13
ZINC000346535525,C[C@@H](NC(=O)CN1CC(=O)NC1=O)c1ccc(OC(F)(F)F)cc1,-31.93
ZINC000336872876,Cc1cc(CN2CCC(c3nc4ccccc4[nH]3)CC2)nn1C,-35.26
ZINC000277587099,C=C(C)CN1CCC(Nc2ncnc(N)c2Cl)CC1,-18.43
ZINC000194026179,COCCO[C@@H]1CCCN(C(=O)NCCCC(C)C)C1,-25.48
ZINC000329458258,Cc1nc(C)c(C#N)c(SCc2nc(=O)n(C)[nH]2)n1,-72.99
ZINC000190569121,Cc1cc(C[C@@H](C)NC(=O)C(=O)Nc2cccc3ccn(C)c32)n[nH]1,-27.72
ZINC000362459383,COCCO[C@@H]1COCC[C@H]1NC(=O)c1sccc1C,-22.56
ZINC000423654631,C[C@H]1[C@@H](N)CCN1C(=O)c1cc(Cl)ccc1-n1cnnn1,-25.59
ZINC000279611803,CC(C)(C)N1CCC(NC(=O)CCc2ccccc2C(N)=O)CC1,-23.58
ZINC000359923650,COc1ccc([C@H](C)CC(=O)N[C@H](C)c2ccnc(OC)c2)cc1,-28.92
ZINC000359923658,COCCCCC(=O)N[C@@H](C)c1ccnc(OC)c1,-26.06
ZINC000272230582,COc1ccccc1N1CCN(C(=O)c2ccnc3[nH]cnc32)CC1,-38.37
ZINC000342017755,CCN(CC(C)C)C(=O)C(=O)Nc1cnc(CC2CC2)nc1,-43.02
ZINC000152923904,C=CCN(C)C(=O)CN1CCN(CC)C(=O)C1=O,-30.5
ZINC000035451772,C[C@@H](CCc1ccco1)NCCCOCC1CC1,-12.56
ZINC000442645612,COc1cc(C(=O)N2CCN(C(=O)CN3CCCC3)CC2)ccc1O,-30.24
ZINC000375002944,CN1CCC(N(Cc2ccco2)C(=O)NCCCOC(F)F)CC1,-15.66
ZINC000530642485,COc1ccc2oc(C(=O)NCCn3cccc3)c(C)c2c1,-34.22
ZINC000371206040,Cc1cnn(C2CN(C(=O)CC3(C)CCCCC3)C2)c1,-31.92
ZINC000363687002,CCCC[C@H](CN)NC(=O)C[C@H]1CCCNCC1,-7.83
ZINC000414029546,Cc1nc(-c2cccc(C)c2)[nH]c1C(=O)N1CCC[C@@H](CO)[C@@H]1C,-37.81
ZINC000294968198,COc1cc(CC(=O)N2CCS[C@H]3COCC[C@@H]32)ccc1O,-23.14
ZINC000351266097,CCCN(CC(=O)OC)C(=O)c1ccc2c(c1)C(C)(C)C(=O)N2,-35.76
ZINC000338421655,O=S(=O)(CC1CCOCC1)N1CC[C@@](F)(CO)C1,-23.02
ZINC000290768671,c1nnc(-c2cccc(NC[C@@H]3CSCCS3)c2)s1,-42.56
ZINC000496087863,O=C(NC[C@@H](O)COc1cccc(Cl)c1Cl)OCCCF,-28.75
ZINC000497297041,C[C@H](CCC(=O)N1Cc2cccc(F)c2C1)NC(=O)OC(C)(C)C,-25.53
ZINC000408305545,Cc1c(C(=O)N[C@@H]2CC[S@](=O)C2)[nH]c2c1C(=O)CC(C)(C)C2,-39.69
ZINC000557234972,CCC[C@@H](N)C(=O)Nc1ncn(Cc2ccccc2)n1,-18.61
ZINC000335138473,CN(Cc1nc2c(s1)CCCC2)C(=O)N[C@H]1CC12CC2,-36.56
ZINC000408107346,C[C@@H]1CN(c2ccc(S(C)(=O)=O)cn2)C[C@]2(CCOC2)O1,-25.06
ZINC000182883087,Cc1nn(-c2ccc(Cl)cc2)cc1C(=O)N[C@@]1(CO)CCOC1,-34.07
ZINC000267022849,C[C@H](CNC(=O)CSc1nnc(S)s1)c1ccc(F)cc1,-56.19
ZINC000347641641,CN1C[C@@H]2CN(C(=O)CC3CC(OC(C)(C)C)C3)C[C@H]2C1,-23.2
ZINC000576137831,C[C@@H]1CC[C@]2(CCN(C[C@@H](O)COC[C@H]3CCCO3)C2)C1,-16.62
ZINC000183895618,CC[C@@H](CC#N)NC(=O)Cc1ccccc1C(F)(F)F,-37.93
ZINC000448459398,CC(C)N(C(=O)Cc1ccc(C(N)=O)cc1)c1cnc2ccccc2c1,-40.0
ZINC000273932761,C[C@H](NC(=O)Nc1ccncc1F)[C@@H]1CCOC1,-25.49
ZINC000246277258,C[C@H](Cc1cccs1)NC(=O)N1CCS[C@@H](C)[C@H]1C,-26.4
ZINC000329116664,Cc1ocnc1C(=O)N1CCC(Cc2nc3ccccc3[nH]2)CC1,-37.38
ZINC000353706986,C[C@@H]1CN(C(=O)CCOc2ccc(C(N)=O)cc2)[C@@H](C)[C@H](C)O1,-32.19
ZINC000299448305,CCN(C[C@@H]1CCCO1)C(=O)CNC(=O)c1cccc(Cl)c1,-29.52
ZINC000295052785,C[C@H](CC(=O)c1cccs1)NS(=O)(=O)[C@H]1CCO[C@@H](C)C1,-28.31
ZINC000335905309,Cc1c(CN2CCOc3cccc(F)c3C2)cnn1C,-31.44
ZINC000343129313,COc1cc(CNC(=O)c2n[nH]cc2[N+](=O)[O-])ccc1OCC(N)=O,-40.37
ZINC000267400159,COc1ccc(N/C(N)=N/C[C@H](C)Oc2ccccc2)cc1OC,-20.16
ZINC000447864616,CC(=O)Nc1ccc(C(=O)N2CCOc3c(F)cccc3C2)nc1,-35.22
ZINC000282790940,CC[C@H](NC(=O)c1cn(C(C)C)cn1)c1ccncc1,-35.1
ZINC000348296713,CCOC(=O)C1(C)CCC(NC[C@@H](CO)C(C)C)CC1,-10.87
ZINC000346039693,O=C(N=c1cccn[nH]1)c1ccc(OCC(F)(F)F)nc1,-60.29
ZINC000112035002,CCc1noc([C@@H](C)N2CCN(C(=O)c3cnns3)CC2)n1,-27.08
ZINC000128772689,O=C(Nc1cccc(CO)c1)c1ccnc(SCC(F)(F)F)c1,-33.59
ZINC000291173306,CN(C)c1cccc(CNC(=O)N2CCOCC(F)(F)C2)c1,-47.32
ZINC000357067365,Cc1cc2cc[nH]c2cc1NS(=O)(=O)CCOCC(F)(F)F,-27.64
ZINC000452867398,C[C@H](NC(=O)[C@@H]1CC(=O)N(C)[C@H]1c1ccnn1C)C(C)(F)F,-31.12
ZINC000493361734,O=C(/C=C/c1cscn1)N1CC[C@](O)(c2cnn[nH]2)C1,-38.52
ZINC000157191667,C=CCN(Cc1cccc([N+](=O)[O-])c1)C(=O)NC(C)(C)C,-41.13
ZINC000276206105,CO[C@H](C)[C@H](C)NC(=O)N[C@@H](CCc1ccccc1)C(F)(F)F,-32.07
ZINC000031163171,C/C=C(\C)C(=O)O[C@H]1C[C@](C)(O)[C@H]2CC=C(C)[C@H]2[C@@H]2OC(=O)[C@H](C)[C@H]21,-15.61
ZINC000191797216,C[C@@H](CC(=O)NOC[C@H]1CCOC1)c1ccccc1F,-36.68
ZINC000078869961,Cn1cc([C@](C)(O)CNC(=O)NCc2coc3ccccc23)cn1,-46.63
ZINC000269715507,C[C@H](Cc1ccc(F)c(Br)c1)NC(=O)[C@@H](N)CC(N)=O,-40.3
ZINC000191957577,CC(C)CC[C@@](C)(O)CNC(=O)c1snnc1C(C)(C)C,-32.3
ZINC000337055258,CO[C@H](CNC(=O)N[C@@H]1CCCC[C@H]1OC(F)F)C(C)C,-21.36
ZINC000492928971,CCOc1cc(/C=C/C(=O)N[C@@](C)(C(N)=O)C(C)C)ccc1OC,-41.91
ZINC000563209204,CN(C)C(=O)[C@@H]1C[C@@H]1C(=O)NCCc1ccccc1F,-32.29
ZINC000376061227,O=C([C@H]1CCc2nn[nH]c2C1)N1CCc2ccccc2[C@H]1CO,-36.83
ZINC000452480561,CC1(C)OCC[C@@H]1NC(=O)CC1CCC(C)(C)CC1,-26.05
ZINC000491867411,CCS(=O)(=O)Nc1ccc(NC(=O)/C=C\CN(C)C)cc1,-34.25
ZINC000038025235,COc1ccc(C)cc1C(=O)N1CCCC[C@@H]1CC(=O)O,-45.24
ZINC000496193460,CC(C)(C)OC(=O)N1CC[C@@H]1c1nc(CC(=O)N2CCCC2)no1,-35.63
ZINC000433450367,COC[C@@H](NS(=O)(=O)c1cccc2ncccc21)[C@H]1CCCO1,-22.52
ZINC000072288915,CCc1nnnn1-c1ccccc1NC(=O)c1cnc(C)cn1,-37.9
ZINC000413184036,C[C@@H](C(=O)Nc1cc(Cl)ccc1-n1cccn1)C(=O)OC(C)(C)C,-36.43
ZINC000120633052,CCN(CC)C(=O)CN1CC[C@H](C(=O)OC)c2ccccc21,-35.3
ZINC000360126712,CCN(CC)C[C@@H]1CCCC[C@H]1NC(=O)N[C@@H](C)CN(C)C(C)C,-7.98
ZINC000564827120,Cc1ccccc1[C@H]1CN(C(=O)C(=O)N2CCCNCC2)CCO1,-26.13
ZINC000408238148,CC1(C)[C@H](NC(=O)CCCC#N)[C@@H]2CCCO[C@@H]21,-18.58
ZINC000361728419,CSCC[C@H](N)C(=O)N1CCC[C@H](N2CCCCC2)C1,-7.56
ZINC000561996989,C[C@@H]1CC2(CCC2)CN1c1nnc([C@H]2Cc3ccccc3O2)n1C,-32.11
ZINC000153367465,C[C@H](NC(=O)NC1(C)CCCCC1)C(=O)N1CCCCC1,-16.34
ZINC000451973579,Cc1cc(F)ccc1[C@H]1CCCN1CC(=O)N(C)C(C)C,-37.26
ZINC000350513109,Cn1ccc(C[S@@](=O)CCC(=O)N2CCc3sccc3C2)n1,-34.72
ZINC000124093982,Cc1cncc(CNC(=O)Cc2csc(-c3cccs3)n2)c1,-35.39
ZINC000361563300,C[C@@]1(C2CCN(CCC3CCCCC3)CC2)NC(=O)NC1=O,-22.9
ZINC000351960954,COCCCN(Cc1ccccc1)[C@@H](C(=O)OC)[C@@H](C)O,-17.71
ZINC000459253948,COC(=O)[C@H]1CCN(C(=O)NCc2nc(C(C)(C)C)n[nH]2)[C@H]1C,-43.79
ZINC000343658301,C[C@H](Oc1cccc(Br)c1)C(=O)N[C@@]1(C)CCO[C@@H]1C,-28.49
ZINC000340737133,CCC[C@@H](C)N(C)C(=O)CSc1ccccc1[N+](=O)[O-],-32.18
ZINC000187979716,COCC[C@H](Cc1cccc(F)c1)N[C@H]1CCC[C@@H]1CCO,-16.37
ZINC000302224145,CCCNC(=O)C1CCN(c2nccnc2OC(C)C)CC1,-35.02
ZINC000528544591,CC(C)(C)CS(=O)(=O)N[C@@H]1C[C@H]1c1ccsc1,-31.0
ZINC000269033469,O=C(N[C@H]1CCCc2cn[nH]c21)c1cccnc1N1CCCC1,-36.71
ZINC000360221863,N#Cc1cccc(CNC(=O)CSc2ncccn2)c1,-31.03
ZINC000557399328,CN(C)[C@H]1CN(C(=O)c2cc(N3CCNC3=O)ccc2F)C[C@@H]1O,-21.29
ZINC000329413072,Cc1nc([C@@H]2CCCN2C(=O)Cn2ncc(=O)c3ccccc32)no1,-30.45
ZINC000364234387,CCN(C)C(=O)[C@@H](C)NC(=O)N1CC[C@]2(C1)CCCN(C)C2=O,-11.2
ZINC000372509497,CC(C)(C)CC(=O)NCC(=O)N1CC(F)(F)C[C@@H]1CO,-30.64
ZINC000520503671,CCOC(=O)c1cc(CNc2cccc3c2CCN3C(C)=O)[nH]c1C,-39.8
ZINC000349477355,CC(C)C(=O)N1CCCC[C@H]1C(=O)N[C@@H](C#N)C1CC1,-23.26
ZINC000304438568,C[C@@H](O)CC(C)(C)CNC(=O)c1cnn(-c2ccc(Cl)cc2)c1,-37.93
ZINC000038611254,COc1ccccc1N1CCN(CC(=O)c2ccc(O)c(O)c2)CC1,-52.5
ZINC000275006231,C[C@](O)(CNC(=O)N[C@@H]1CCc2c1cccc2Cl)C(F)(F)F,-32.54
ZINC000336209701,CC1CCC(OCC(=O)N2CCSC[C@@H]2C#N)CC1,-38.12
ZINC000184244020,O=[N+]([O-])c1ccccc1CS(=O)(=O)NC[C@H]1CCCOC1,-34.46
ZINC000344330523,O=C(CC[C@H]1CCCCO1)NCC[C@H]1CCOC1,-30.12
ZINC000072381733,CS(=O)(=O)N1CCOC[C@@H](Cc2ccncn2)C1,-31.4
ZINC000331304874,Cc1sc2ccc(Cl)cc2c1S(=O)(=O)N(C)CC[C@@H](C)O,-33.85
ZINC000459454539,COCCOC1CN(Cc2cnc(-c3c(F)cccc3F)s2)C1,-33.76
ZINC000344064510,COc1ccc(CNC(=O)NCCN2CCOC(C)(C)C2)c(F)c1,-32.84
ZINC000338460275,O=C(NCc1cccc(O)c1)Nc1ncc(C(F)(F)F)s1,-31.04
ZINC000452720520,CC[C@](C)(CNC(=O)COc1cccnc1)OC,-24.81
ZINC000297427119,CN(C)c1cccnc1CN[C@H]1CCCOc2cc(F)cc(F)c21,-25.17
ZINC000261812759,CC(C)(NC(=O)CC[C@@H]1CCNC1)c1ccc([N+](=O)[O-])cc1,-26.98
ZINC000282282724,CC(=O)NCc1ccc(NC(=O)CCc2ncc(C(C)(C)C)o2)cc1,-39.04
ZINC000411519954,CSc1cc(C)ccc1NC(=O)C(=O)N[C@H]1CC[C@@H](O)C1,-22.95
ZINC000410874107,Cc1ccc(CCC(=O)Nc2nccc(-c3cnn(C)c3)n2)o1,-36.12
ZINC000268223621,CC(=O)CCC(=O)NCCc1ccccc1OC(F)(F)F,-27.83
ZINC000292231389,Cc1ccc(/C=C/C(=O)N2CC[C@](CO)(c3ccccc3)C2)cc1,-30.63
ZINC000420092630,NC1(CNC(=O)C(=O)N2CCCCC[C@@H]2c2ccncc2)CCC1,-22.76
ZINC000335097401,CCn1ccnc1C(=O)N1CCC[C@H]2CN(C)C[C@H]21,-21.06
ZINC000360186415,CC(=O)c1cccc(NS(=O)(=O)N2C[C@H](C)OC[C@H]2C)c1,-36.57
ZINC000360186418,C[C@@H]1CCCC[C@@H]1CCNC(=O)c1ncn(C(C)(C)C)n1,-27.57
ZINC000502451721,O=C(c1csc(-c2ccc(Cl)c(Cl)c2)n1)N1CCCN1,-42.02
ZINC000471669451,CCC(O)(CC)CCNC(=O)COC/C=C\c1ccccc1,-27.67
ZINC000491056129,CCOC(=O)Nc1ccc(C(=O)NC[C@H](O)C2CCCCC2)cc1,-30.66
ZINC000495068747,CC1(C)NC(=O)CC[C@H]1N[C@H]1CCCN(c2ccccc2F)C1,-15.72
ZINC000005536119,Cc1cc(Cl)ccc1O[C@@H](C)C(=O)Nn1cnnc1,-38.41
ZINC000124354080,Cc1ccc(CCN2CCC(C3OCCO3)CC2)cc1,-14.73
ZINC000439953629,O=C([C@@H]1CCCN1C1CCCC1)N1CCC[C@@H](C(=O)N2CCCC2)C1,-26.7
ZINC000032069574,CC(C)(C)[C@@H]1CCC2(OCCO2)[C@](O)(CCCO)C1,-22.55
ZINC000341238948,O=C(NC1CCN(C2CC2)CC1)N1CC[C@@H](N2CCCCC2)C1,-14.92
ZINC000461989327,C=C[C@@H]1CCCCN1C(=O)NCC1(c2cccc(OC)c2)CC1,-34.72
ZINC000283200451,CN(C)Cc1cc(CNC(=O)C(=O)N2CCCC2)ccc1F,-49.35
ZINC000355405206,COC(=O)CCN(C)S(=O)(=O)c1cc(C(=O)O)cc([N+](=O)[O-])c1,-61.64
ZINC000464138420,CC(C)[C@H](Oc1ccc(Cl)cc1)C(=O)N1CCO[C@H](C)[C@H]1C,-27.16
ZINC000567771597,O=C(CN1CCNCC1=O)NCc1ccccc1-n1ccnc1,-38.82
ZINC000189782781,COC(C)(C)C[C@H](C)NC(=O)NCCc1cc(C)c(O)c(C)c1,-29.23
ZINC000339480607,CC[C@H](NC(=O)NCCSCC(C)C)[C@H]1CCCO1,-25.69
ZINC000357802345,COc1ccc(C(=O)Nc2ccc(C(=O)NCCCCN)s2)cc1,-36.36
ZINC000295359391,Cn1ncc2c1C[C@@H](C(=O)N1CCc3c(Cl)cc(F)cc3C1)CC2,-28.65
ZINC000547366943,CCO[C@@H](CC)C(=O)N[C@H](C)c1ccc(OCC(=O)OC)cc1,-35.13
ZINC000368068986,COC(=O)c1ccc(NC(=O)N2CC[C@@H]3C(=O)NC[C@@H]3C2)cc1OC,-42.68
ZINC000269629020,O=C(N[C@@H]1CCOC2(CCSCC2)C1)c1ccnc(O)c1,-23.37
ZINC000079621234,COc1ccc(C(=O)N[C@H](C)c2noc(Cc3ccccc3)n2)cc1,-40.17
ZINC000368764484,O=C(CC[C@H]1NC(=O)NC1=O)N1CCN(c2cccs2)C(=O)C1,-34.96
ZINC000282309249,C[C@H]1CCNC(=O)[C@@H]1NC(=O)Nc1ccc2c(c1)S(=O)(=O)CC2,-31.02
ZINC000567753331,C[C@H](NC(=O)N[C@H]1CCC[C@H](F)C1)C(=O)NCc1ccco1,-30.51
ZINC000055788098,O=C(Nc1ccc(CN2CCOC2=O)cc1)c1c(F)cccc1F,-44.34
ZINC000331059562,CCCS(=O)(=O)N1CCCC[C@H]1C(=O)NCC(=O)N(C)CC,-22.54
ZINC000358988704,Cc1ccc(CSCCNC(=O)NCc2ccc(F)cn2)cc1,-36.15
ZINC000362923657,Cn1nccc1N1CCC[C@H](NCc2cc3ccc(F)cc3[nH]2)C1=O,-23.47
ZINC000345600897,CNS(=O)(=O)CC(=O)N[C@H](c1nccc(C)n1)C1CC1,-31.63
ZINC000333591825,NC1(c2noc([C@H]3CC(=O)Nc4cc(F)ccc43)n2)CCCCC1,-29.39
ZINC000337760097,CS[C@@H](C)CNC(=O)c1ccccc1Oc1ccncc1,-27.52
ZINC000425575541,CCCCC[C@@H]1CCCN1C(=O)NCc1nccc(OC)n1,-26.11
ZINC000339886651,O=C(NC[C@H](CO)Cc1ccccc1)NC[C@@H]1COCCO1,-32.49
ZINC000162262057,Cc1ccc(F)cc1NC(=O)C(=O)N[C@@H](C)[C@@H]1COc2ccccc21,-33.15
ZINC000369337682,CCC(=O)N1CCC[C@H]1[C@H]1CCCN1C(=O)NCc1c(C)noc1C,-32.42
ZINC000182746301,COc1cccc(-c2nsc(NC(=O)COC(C)(C)C)n2)c1,-34.93
ZINC000413887662,CN(Cc1cc(C(C)(C)C)n[nH]1)C(=O)NCC(C)(C)c1cccnc1,-31.41
ZINC000372049434,C[C@]1(CNC(=O)c2occc2Br)CCO[C@H]1C1CC1,-25.51
ZINC000358201818,COCCN(C[C@H]1CC=CCC1)C(=O)NCc1ccc(O)cc1,-33.91
ZINC000455437375,CN1CCN(C(=O)[C@H]2CCn3ccnc3C2)c2ccccc2C1,-37.07
ZINC000459543401,COCCN(CC#N)CC(=O)NCc1cccc(OC(C)C)c1,-24.49
ZINC000332130407,C[C@@H]1CCCC[C@H]1N(C)C(=O)N[C@@H]1CCCN(c2ccnn2C)C1=O,-36.4
ZINC000412165967,CCOC(=O)[C@H](CC)C(=O)NC[C@H](OC)c1cccc(Cl)c1,-22.42
ZINC000372836279,COc1ccc(C(=O)[C@@H]2CCCN2C(=O)CCCSC)cc1,-34.46
ZINC000434138138,CCOC(=O)C(C)(C)NC(=O)c1noc2c1C[C@@H](C)CC2,-30.88
ZINC000113614638,COC[C@H]1CCCN(C(=O)NCC(C)(C)c2ccc(C)cc2)C1,-27.17
ZINC000565641431,Cn1ccnc1[C@H](NC(=O)N[C@@H](C1CC1)C1CCC1)C1CCOCC1,-28.91
ZINC000431171772,O=C1Cc2cc(S(=O)(=O)Nc3cc(F)cc(F)c3F)ccc2N1,-32.83
ZINC000333541311,CO[C@@H]1CCN(C(=O)N[C@@H]2CCC(=O)N[C@H]2C(C)(C)C)C[C@@H]1C,-21.93
ZINC000496003353,CCOC(=O)N[C@@H](CNC(=O)N(C(C)C)[C@H]1CCOC1)CC(C)C,-26.26
ZINC000362122015,CCCc1nc(C)c(NC(=O)NCc2ccc(C(=O)OC)o2)s1,-34.12
ZINC000527138194,Cc1ccc(-c2nsc(NC(=O)[C@H]3CO[C@@H](C)C3)n2)s1,-33.04
ZINC000442400189,Cc1noc(-c2ccccc2)c1NC(=O)C(=O)N1CC[C@@H]1C(C)C,-38.6
ZINC000265175477,C[C@@H](O)CCNC(=O)C(=O)Nc1ccc(C(=O)c2nccn2C)cc1,-43.99
ZINC000185904308,Cc1cccc(F)c1S(=O)(=O)N[C@@H](C(N)=O)c1ccc(F)cc1,-36.06
ZINC000556682565,O=C(Nc1nc2ccccc2s1)N1CCC[C@H]1Cn1ccnn1,-32.5
ZINC000297380947,CNC(=O)NC1CN(Cc2c[nH]nc2-c2cccc(Cl)c2)C1,-43.27
ZINC000354303666,C[C@H]1CCC[C@H](NC(=O)C(=O)N2CCOc3ccc(F)cc3C2)CC1,-26.92
ZINC000265656348,CN(C[C@H]1CCCO1)C(=O)CCSc1ccc2c(c1)OCCO2,-26.09
ZINC000278941636,C[C@@H]1CN(C(=O)Nc2ccc(Oc3ccccc3F)nc2)CCO1,-43.69
ZINC000180784178,O=C(CNC(=O)[C@H]1COc2ccc(Br)cc21)C1CC1,-37.32
ZINC000446273467,CCN1CC[C@H](N(C)C(=O)c2cc(OC)c(OC)cc2C)C[C@@H]1C,-22.18
ZINC000358282650,CSC1(CNC(=O)N(C)[C@@H](C)c2ccncc2)CCN(C)CC1,-20.13
ZINC000071979281,CCOC(=O)C1=NN(c2cc([N+](=O)[O-])ccc2Cl)[C@H](C(=O)O)C1,-62.53
ZINC000424701604,CC(C)CO[C@H](C)c1noc(CN(C)C(=O)[C@@H]2CCC[C@H](F)C2)n1,-31.68
ZINC000118114430,CCCCN(C)CCNC(=O)C(=O)Nc1cccc(Cl)c1Cl,-22.66
ZINC000562766696,C[C@@H]1CN(C(=O)Nc2ccc(-c3ccccn3)cc2)C[C@@H]1N,-37.29
ZINC000562444701,C[C@@H]1CCCN(C(=O)CN2CCC(N3CCOC[C@H]3C)CC2)C1,-23.93
